filename,path_1km,path_25m,model_b_max_prob,model_b_passed,model_a_max_prob,model_a_positive_pixels,model_a_min_positive_pixels,final_positive,label_1km_positive,label_25m_positive,status
patch_19396_ignition_HWF002_20200427.npz,/mnt/work/wildfire/test_sets/paired_negative_heavy_1km/patch_19396_ignition_HWF002_20200427.npz,/mnt/work/wildfire/test_sets/paired_negative_heavy_25m/patch_19396_ignition_HWF002_20200427.npz,0.99984336,1,0.90296459,1,1,1,True,True,completed
patch_19403_ignition_CWF005_20200501.npz,/mnt/work/wildfire/test_sets/paired_negative_heavy_1km/patch_19403_ignition_CWF005_20200501.npz,/mnt/work/wildfire/test_sets/paired_negative_heavy_25m/patch_19403_ignition_CWF005_20200501.npz,0.99999642,1,0.83742446,1,1,1,True,True,completed
patch_19404_ignition_PWF005_20200315.npz,/mnt/work/wildfire/test_sets/paired_negative_heavy_1km/patch_19404_ignition_PWF005_20200315.npz,/mnt/work/wildfire/test_sets/paired_negative_heavy_25m/patch_19404_ignition_PWF005_20200315.npz,1.00000000,1,0.93221462,1,1,1,True,True,completed
patch_19453_ignition_RWF011_20200505.npz,/mnt/work/wildfire/test_sets/paired_negative_heavy_1km/patch_19453_ignition_RWF011_20200505.npz,/mnt/work/wildfire/test_sets/paired_negative_heavy_25m/patch_19453_ignition_RWF011_20200505.npz,0.44244394,1,0.87374872,1,1,1,True,True,completed
patch_19456_ignition_HWF008_20200506.npz,/mnt/work/wildfire/test_sets/paired_negative_heavy_1km/patch_19456_ignition_HWF008_20200506.npz,/mnt/work/wildfire/test_sets/paired_negative_heavy_25m/patch_19456_ignition_HWF008_20200506.npz,0.99994361,1,0.95056468,1,1,1,True,True,completed
patch_19458_ignition_GWF010_20200506.npz,/mnt/work/wildfire/test_sets/paired_negative_heavy_1km/patch_19458_ignition_GWF010_20200506.npz,/mnt/work/wildfire/test_sets/paired_negative_heavy_25m/patch_19458_ignition_GWF010_20200506.npz,0.68943244,1,0.64845824,1,1,1,True,True,completed
patch_19489_ignition_LWF010_20200115.npz,/mnt/work/wildfire/test_sets/paired_negative_heavy_1km/patch_19489_ignition_LWF010_20200115.npz,/mnt/work/wildfire/test_sets/paired_negative_heavy_25m/patch_19489_ignition_LWF010_20200115.npz,1.00000000,1,0.98662424,1,1,1,True,True,completed
patch_19490_ignition_LWF054_20200507.npz,/mnt/work/wildfire/test_sets/paired_negative_heavy_1km/patch_19490_ignition_LWF054_20200507.npz,/mnt/work/wildfire/test_sets/paired_negative_heavy_25m/patch_19490_ignition_LWF054_20200507.npz,0.99999189,1,0.95437294,1,1,1,True,True,completed
patch_19509_ignition_LWF018_20200429.npz,/mnt/work/wildfire/test_sets/paired_negative_heavy_1km/patch_19509_ignition_LWF018_20200429.npz,/mnt/work/wildfire/test_sets/paired_negative_heavy_25m/patch_19509_ignition_LWF018_20200429.npz,1.00000000,1,0.96326661,1,1,1,True,True,completed
patch_19539_ignition_CWF020_20200518.npz,/mnt/work/wildfire/test_sets/paired_negative_heavy_1km/patch_19539_ignition_CWF020_20200518.npz,/mnt/work/wildfire/test_sets/paired_negative_heavy_25m/patch_19539_ignition_CWF020_20200518.npz,0.99958402,1,0.85463166,1,1,1,True,True,completed
patch_19560_ignition_LWF044_20200505.npz,/mnt/work/wildfire/test_sets/paired_negative_heavy_1km/patch_19560_ignition_LWF044_20200505.npz,/mnt/work/wildfire/test_sets/paired_negative_heavy_25m/patch_19560_ignition_LWF044_20200505.npz,0.77886921,1,0.78336060,1,1,1,True,True,completed
patch_19586_ignition_RWF026_20200520.npz,/mnt/work/wildfire/test_sets/paired_negative_heavy_1km/patch_19586_ignition_RWF026_20200520.npz,/mnt/work/wildfire/test_sets/paired_negative_heavy_25m/patch_19586_ignition_RWF026_20200520.npz,0.99530315,1,0.92725152,1,1,1,True,True,completed
patch_19618_ignition_RWF014_20200514.npz,/mnt/work/wildfire/test_sets/paired_negative_heavy_1km/patch_19618_ignition_RWF014_20200514.npz,/mnt/work/wildfire/test_sets/paired_negative_heavy_25m/patch_19618_ignition_RWF014_20200514.npz,0.86926943,1,0.74310720,1,1,1,True,True,completed
patch_19622_ignition_RWF017_20200515.npz,/mnt/work/wildfire/test_sets/paired_negative_heavy_1km/patch_19622_ignition_RWF017_20200515.npz,/mnt/work/wildfire/test_sets/paired_negative_heavy_25m/patch_19622_ignition_RWF017_20200515.npz,0.99775958,1,0.83566791,1,1,1,True,True,completed
patch_19624_ignition_CWF014_20200516.npz,/mnt/work/wildfire/test_sets/paired_negative_heavy_1km/patch_19624_ignition_CWF014_20200516.npz,/mnt/work/wildfire/test_sets/paired_negative_heavy_25m/patch_19624_ignition_CWF014_20200516.npz,0.99996102,1,0.80560350,1,1,1,True,True,completed
patch_19645_ignition_PWF022_20200611.npz,/mnt/work/wildfire/test_sets/paired_negative_heavy_1km/patch_19645_ignition_PWF022_20200611.npz,/mnt/work/wildfire/test_sets/paired_negative_heavy_25m/patch_19645_ignition_PWF022_20200611.npz,0.91760099,1,0.79139400,1,1,1,True,True,completed
patch_19666_ignition_PWF018_20200510.npz,/mnt/work/wildfire/test_sets/paired_negative_heavy_1km/patch_19666_ignition_PWF018_20200510.npz,,0.00005121,0,,,1,0,True,,blocked_by_model_b
patch_19672_ignition_EWF016_20200519.npz,/mnt/work/wildfire/test_sets/paired_negative_heavy_1km/patch_19672_ignition_EWF016_20200519.npz,/mnt/work/wildfire/test_sets/paired_negative_heavy_25m/patch_19672_ignition_EWF016_20200519.npz,0.95478833,1,0.78280973,1,1,1,True,True,completed
patch_19743_ignition_CWF047_20200507.npz,/mnt/work/wildfire/test_sets/paired_negative_heavy_1km/patch_19743_ignition_CWF047_20200507.npz,/mnt/work/wildfire/test_sets/paired_negative_heavy_25m/patch_19743_ignition_CWF047_20200507.npz,0.99967641,1,0.84007847,1,1,1,True,True,completed
patch_19766_ignition_HWF023_20200612.npz,/mnt/work/wildfire/test_sets/paired_negative_heavy_1km/patch_19766_ignition_HWF023_20200612.npz,/mnt/work/wildfire/test_sets/paired_negative_heavy_25m/patch_19766_ignition_HWF023_20200612.npz,0.84134853,1,0.70700502,1,1,1,True,True,completed
patch_19770_ignition_MWF017_20200727.npz,/mnt/work/wildfire/test_sets/paired_negative_heavy_1km/patch_19770_ignition_MWF017_20200727.npz,/mnt/work/wildfire/test_sets/paired_negative_heavy_25m/patch_19770_ignition_MWF017_20200727.npz,0.99950957,1,0.94040084,1,1,1,True,True,completed
patch_19779_ignition_EWF037_20200806.npz,/mnt/work/wildfire/test_sets/paired_negative_heavy_1km/patch_19779_ignition_EWF037_20200806.npz,/mnt/work/wildfire/test_sets/paired_negative_heavy_25m/patch_19779_ignition_EWF037_20200806.npz,0.99987853,1,0.86582297,1,1,1,True,True,completed
patch_19799_ignition_WWF026_20200806.npz,/mnt/work/wildfire/test_sets/paired_negative_heavy_1km/patch_19799_ignition_WWF026_20200806.npz,,0.00232485,0,,,1,0,True,,blocked_by_model_b
patch_19852_ignition_HWF030_20200627.npz,/mnt/work/wildfire/test_sets/paired_negative_heavy_1km/patch_19852_ignition_HWF030_20200627.npz,,0.06869484,0,,,1,0,True,,blocked_by_model_b
patch_19853_ignition_HWF031_20200627.npz,/mnt/work/wildfire/test_sets/paired_negative_heavy_1km/patch_19853_ignition_HWF031_20200627.npz,/mnt/work/wildfire/test_sets/paired_negative_heavy_25m/patch_19853_ignition_HWF031_20200627.npz,0.87201852,1,0.80762088,1,1,1,True,True,completed
patch_19885_ignition_SWF055_20200818.npz,/mnt/work/wildfire/test_sets/paired_negative_heavy_1km/patch_19885_ignition_SWF055_20200818.npz,/mnt/work/wildfire/test_sets/paired_negative_heavy_25m/patch_19885_ignition_SWF055_20200818.npz,1.00000000,1,0.99148005,1,1,1,True,True,completed
patch_19901_ignition_EWF029_20200728.npz,/mnt/work/wildfire/test_sets/paired_negative_heavy_1km/patch_19901_ignition_EWF029_20200728.npz,/mnt/work/wildfire/test_sets/paired_negative_heavy_25m/patch_19901_ignition_EWF029_20200728.npz,0.98698175,1,0.84779888,1,1,1,True,True,completed
patch_19907_ignition_SWF059_20200818.npz,/mnt/work/wildfire/test_sets/paired_negative_heavy_1km/patch_19907_ignition_SWF059_20200818.npz,/mnt/work/wildfire/test_sets/paired_negative_heavy_25m/patch_19907_ignition_SWF059_20200818.npz,0.94780189,1,0.86712724,1,1,1,True,True,completed
patch_19950_ignition_PWF024_20200620.npz,/mnt/work/wildfire/test_sets/paired_negative_heavy_1km/patch_19950_ignition_PWF024_20200620.npz,/mnt/work/wildfire/test_sets/paired_negative_heavy_25m/patch_19950_ignition_PWF024_20200620.npz,0.97856718,1,0.73563755,1,1,1,True,True,completed
patch_19954_ignition_CWF118_20200816.npz,/mnt/work/wildfire/test_sets/paired_negative_heavy_1km/patch_19954_ignition_CWF118_20200816.npz,/mnt/work/wildfire/test_sets/paired_negative_heavy_25m/patch_19954_ignition_CWF118_20200816.npz,0.99466711,1,0.94803208,1,1,1,True,True,completed
patch_19955_ignition_RWF039_20200817.npz,/mnt/work/wildfire/test_sets/paired_negative_heavy_1km/patch_19955_ignition_RWF039_20200817.npz,/mnt/work/wildfire/test_sets/paired_negative_heavy_25m/patch_19955_ignition_RWF039_20200817.npz,0.99998176,1,0.82811421,1,1,1,True,True,completed
patch_19957_ignition_PWF040_20200818.npz,/mnt/work/wildfire/test_sets/paired_negative_heavy_1km/patch_19957_ignition_PWF040_20200818.npz,/mnt/work/wildfire/test_sets/paired_negative_heavy_25m/patch_19957_ignition_PWF040_20200818.npz,0.96691453,1,0.77110404,1,1,1,True,True,completed
patch_19959_ignition_PWF043_20200818.npz,/mnt/work/wildfire/test_sets/paired_negative_heavy_1km/patch_19959_ignition_PWF043_20200818.npz,/mnt/work/wildfire/test_sets/paired_negative_heavy_25m/patch_19959_ignition_PWF043_20200818.npz,0.70367461,1,0.71030766,1,1,1,True,True,completed
patch_19988_ignition_CWF097_20200808.npz,/mnt/work/wildfire/test_sets/paired_negative_heavy_1km/patch_19988_ignition_CWF097_20200808.npz,/mnt/work/wildfire/test_sets/paired_negative_heavy_25m/patch_19988_ignition_CWF097_20200808.npz,0.99996698,1,0.93245310,1,1,1,True,True,completed
patch_19990_ignition_CWF099_20200808.npz,/mnt/work/wildfire/test_sets/paired_negative_heavy_1km/patch_19990_ignition_CWF099_20200808.npz,/mnt/work/wildfire/test_sets/paired_negative_heavy_25m/patch_19990_ignition_CWF099_20200808.npz,0.99865806,1,0.87812722,1,1,1,True,True,completed
patch_20055_ignition_HWF046_20200808.npz,/mnt/work/wildfire/test_sets/paired_negative_heavy_1km/patch_20055_ignition_HWF046_20200808.npz,/mnt/work/wildfire/test_sets/paired_negative_heavy_25m/patch_20055_ignition_HWF046_20200808.npz,0.98411661,1,0.89583617,1,1,1,True,True,completed
patch_20057_ignition_CWF113_20200815.npz,/mnt/work/wildfire/test_sets/paired_negative_heavy_1km/patch_20057_ignition_CWF113_20200815.npz,/mnt/work/wildfire/test_sets/paired_negative_heavy_25m/patch_20057_ignition_CWF113_20200815.npz,0.99888152,1,0.95365137,1,1,1,True,True,completed
patch_20087_ignition_MWF002_20200307.npz,/mnt/work/wildfire/test_sets/paired_negative_heavy_1km/patch_20087_ignition_MWF002_20200307.npz,/mnt/work/wildfire/test_sets/paired_negative_heavy_25m/patch_20087_ignition_MWF002_20200307.npz,0.99988568,1,0.94534832,1,1,1,True,True,completed
patch_20125_ignition_EWF003_20200422.npz,/mnt/work/wildfire/test_sets/paired_negative_heavy_1km/patch_20125_ignition_EWF003_20200422.npz,/mnt/work/wildfire/test_sets/paired_negative_heavy_25m/patch_20125_ignition_EWF003_20200422.npz,0.69157100,1,0.76847357,1,1,1,True,True,completed
patch_20126_ignition_EWF004_20200423.npz,/mnt/work/wildfire/test_sets/paired_negative_heavy_1km/patch_20126_ignition_EWF004_20200423.npz,/mnt/work/wildfire/test_sets/paired_negative_heavy_25m/patch_20126_ignition_EWF004_20200423.npz,0.98987317,1,0.77485687,1,1,1,True,True,completed
patch_20222_ignition_WWF019_20200619.npz,/mnt/work/wildfire/test_sets/paired_negative_heavy_1km/patch_20222_ignition_WWF019_20200619.npz,/mnt/work/wildfire/test_sets/paired_negative_heavy_25m/patch_20222_ignition_WWF019_20200619.npz,0.90621078,1,0.81751138,1,1,1,True,True,completed
patch_20276_ignition_CWF055_20200705.npz,/mnt/work/wildfire/test_sets/paired_negative_heavy_1km/patch_20276_ignition_CWF055_20200705.npz,,0.00000162,0,,,1,0,True,,blocked_by_model_b
patch_20277_ignition_RWF031_20200705.npz,/mnt/work/wildfire/test_sets/paired_negative_heavy_1km/patch_20277_ignition_RWF031_20200705.npz,,0.00410497,0,,,1,0,True,,blocked_by_model_b
patch_20353_ignition_SWF003_20200426.npz,/mnt/work/wildfire/test_sets/paired_negative_heavy_1km/patch_20353_ignition_SWF003_20200426.npz,/mnt/work/wildfire/test_sets/paired_negative_heavy_25m/patch_20353_ignition_SWF003_20200426.npz,0.99674404,1,0.78526270,1,1,1,True,True,completed
patch_20355_ignition_GWF006_20200429.npz,/mnt/work/wildfire/test_sets/paired_negative_heavy_1km/patch_20355_ignition_GWF006_20200429.npz,/mnt/work/wildfire/test_sets/paired_negative_heavy_25m/patch_20355_ignition_GWF006_20200429.npz,0.99998641,1,0.83449042,1,1,1,True,True,completed
patch_20388_ignition_LWF027_20200503.npz,/mnt/work/wildfire/test_sets/paired_negative_heavy_1km/patch_20388_ignition_LWF027_20200503.npz,/mnt/work/wildfire/test_sets/paired_negative_heavy_25m/patch_20388_ignition_LWF027_20200503.npz,0.20222172,1,0.71973318,1,1,1,True,True,completed
patch_20392_ignition_MWF004_20200507.npz,/mnt/work/wildfire/test_sets/paired_negative_heavy_1km/patch_20392_ignition_MWF004_20200507.npz,,0.02523563,0,,,1,0,True,,blocked_by_model_b
patch_20393_ignition_LWF055_20200508.npz,/mnt/work/wildfire/test_sets/paired_negative_heavy_1km/patch_20393_ignition_LWF055_20200508.npz,,0.01205606,0,,,1,0,True,,blocked_by_model_b
patch_20399_ignition_CWF008_20200515.npz,/mnt/work/wildfire/test_sets/paired_negative_heavy_1km/patch_20399_ignition_CWF008_20200515.npz,/mnt/work/wildfire/test_sets/paired_negative_heavy_25m/patch_20399_ignition_CWF008_20200515.npz,0.99996936,1,0.87641746,1,1,1,True,True,completed
patch_20419_ignition_PWF010_20200512.npz,/mnt/work/wildfire/test_sets/paired_negative_heavy_1km/patch_20419_ignition_PWF010_20200512.npz,/mnt/work/wildfire/test_sets/paired_negative_heavy_25m/patch_20419_ignition_PWF010_20200512.npz,0.94328487,1,0.80673844,1,1,1,True,True,completed
patch_20424_ignition_CWF062_20200729.npz,/mnt/work/wildfire/test_sets/paired_negative_heavy_1km/patch_20424_ignition_CWF062_20200729.npz,/mnt/work/wildfire/test_sets/paired_negative_heavy_25m/patch_20424_ignition_CWF062_20200729.npz,0.99822122,1,0.88534719,1,1,1,True,True,completed
patch_20431_ignition_CWF075_20200803.npz,/mnt/work/wildfire/test_sets/paired_negative_heavy_1km/patch_20431_ignition_CWF075_20200803.npz,/mnt/work/wildfire/test_sets/paired_negative_heavy_25m/patch_20431_ignition_CWF075_20200803.npz,0.95754552,1,0.88738477,1,1,1,True,True,completed
patch_20441_ignition_CWF010_20200515.npz,/mnt/work/wildfire/test_sets/paired_negative_heavy_1km/patch_20441_ignition_CWF010_20200515.npz,/mnt/work/wildfire/test_sets/paired_negative_heavy_25m/patch_20441_ignition_CWF010_20200515.npz,0.99999344,1,0.89665234,1,1,1,True,True,completed
patch_20443_ignition_WWF012_20200516.npz,/mnt/work/wildfire/test_sets/paired_negative_heavy_1km/patch_20443_ignition_WWF012_20200516.npz,/mnt/work/wildfire/test_sets/paired_negative_heavy_25m/patch_20443_ignition_WWF012_20200516.npz,0.99970847,1,0.86955309,1,1,1,True,True,completed
patch_20463_ignition_LWF074_20200520.npz,/mnt/work/wildfire/test_sets/paired_negative_heavy_1km/patch_20463_ignition_LWF074_20200520.npz,/mnt/work/wildfire/test_sets/paired_negative_heavy_25m/patch_20463_ignition_LWF074_20200520.npz,0.93038052,1,0.82758754,1,1,1,True,True,completed
patch_20467_ignition_MWF016_20200720.npz,/mnt/work/wildfire/test_sets/paired_negative_heavy_1km/patch_20467_ignition_MWF016_20200720.npz,/mnt/work/wildfire/test_sets/paired_negative_heavy_25m/patch_20467_ignition_MWF016_20200720.npz,0.97324252,1,0.86399543,1,1,1,True,True,completed
patch_20505_ignition_HWF042_20200802.npz,/mnt/work/wildfire/test_sets/paired_negative_heavy_1km/patch_20505_ignition_HWF042_20200802.npz,/mnt/work/wildfire/test_sets/paired_negative_heavy_25m/patch_20505_ignition_HWF042_20200802.npz,0.98886114,1,0.76239067,1,1,1,True,True,completed
patch_20561_ignition_PWF025_20200627.npz,/mnt/work/wildfire/test_sets/paired_negative_heavy_1km/patch_20561_ignition_PWF025_20200627.npz,/mnt/work/wildfire/test_sets/paired_negative_heavy_25m/patch_20561_ignition_PWF025_20200627.npz,0.90464395,1,0.73098701,1,1,1,True,True,completed
patch_20582_ignition_LWF035_20200504.npz,/mnt/work/wildfire/test_sets/paired_negative_heavy_1km/patch_20582_ignition_LWF035_20200504.npz,/mnt/work/wildfire/test_sets/paired_negative_heavy_25m/patch_20582_ignition_LWF035_20200504.npz,0.95144922,1,0.79206467,1,1,1,True,True,completed
patch_20587_ignition_SWF028_20200601.npz,/mnt/work/wildfire/test_sets/paired_negative_heavy_1km/patch_20587_ignition_SWF028_20200601.npz,/mnt/work/wildfire/test_sets/paired_negative_heavy_25m/patch_20587_ignition_SWF028_20200601.npz,0.99949586,1,0.83604980,1,1,1,True,True,completed
patch_20601_ignition_PWF028_20200702.npz,/mnt/work/wildfire/test_sets/paired_negative_heavy_1km/patch_20601_ignition_PWF028_20200702.npz,/mnt/work/wildfire/test_sets/paired_negative_heavy_25m/patch_20601_ignition_PWF028_20200702.npz,0.90617776,1,0.55928791,1,1,1,True,True,completed
patch_20602_ignition_CWF040_20200705.npz,/mnt/work/wildfire/test_sets/paired_negative_heavy_1km/patch_20602_ignition_CWF040_20200705.npz,/mnt/work/wildfire/test_sets/paired_negative_heavy_25m/patch_20602_ignition_CWF040_20200705.npz,0.99999452,1,0.78493983,1,1,1,True,True,completed
patch_20656_ignition_CWF027_20200518.npz,/mnt/work/wildfire/test_sets/paired_negative_heavy_1km/patch_20656_ignition_CWF027_20200518.npz,/mnt/work/wildfire/test_sets/paired_negative_heavy_25m/patch_20656_ignition_CWF027_20200518.npz,0.99999642,1,0.75611621,1,1,1,True,True,completed
patch_20680_ignition_EWF007_20200426.npz,/mnt/work/wildfire/test_sets/paired_negative_heavy_1km/patch_20680_ignition_EWF007_20200426.npz,/mnt/work/wildfire/test_sets/paired_negative_heavy_25m/patch_20680_ignition_EWF007_20200426.npz,0.95410889,1,0.78236496,1,1,1,True,True,completed
patch_20685_ignition_GWF033_20200731.npz,/mnt/work/wildfire/test_sets/paired_negative_heavy_1km/patch_20685_ignition_GWF033_20200731.npz,/mnt/work/wildfire/test_sets/paired_negative_heavy_25m/patch_20685_ignition_GWF033_20200731.npz,0.60066944,1,0.78448105,1,1,1,True,True,completed
patch_20686_ignition_LWF089_20200803.npz,/mnt/work/wildfire/test_sets/paired_negative_heavy_1km/patch_20686_ignition_LWF089_20200803.npz,/mnt/work/wildfire/test_sets/paired_negative_heavy_25m/patch_20686_ignition_LWF089_20200803.npz,0.99040049,1,0.73747063,1,1,1,True,True,completed
patch_20694_ignition_CWF085_20200803.npz,/mnt/work/wildfire/test_sets/paired_negative_heavy_1km/patch_20694_ignition_CWF085_20200803.npz,/mnt/work/wildfire/test_sets/paired_negative_heavy_25m/patch_20694_ignition_CWF085_20200803.npz,0.99908257,1,0.88091379,1,1,1,True,True,completed
patch_20724_ignition_EWF025_20200712.npz,/mnt/work/wildfire/test_sets/paired_negative_heavy_1km/patch_20724_ignition_EWF025_20200712.npz,/mnt/work/wildfire/test_sets/paired_negative_heavy_25m/patch_20724_ignition_EWF025_20200712.npz,0.61101902,1,0.85438347,1,1,1,True,True,completed
patch_20734_ignition_GWF004_20200426.npz,/mnt/work/wildfire/test_sets/paired_negative_heavy_1km/patch_20734_ignition_GWF004_20200426.npz,/mnt/work/wildfire/test_sets/paired_negative_heavy_25m/patch_20734_ignition_GWF004_20200426.npz,0.40883791,1,0.63481575,1,1,1,True,True,completed
patch_20736_ignition_LWF036_20200504.npz,/mnt/work/wildfire/test_sets/paired_negative_heavy_1km/patch_20736_ignition_LWF036_20200504.npz,/mnt/work/wildfire/test_sets/paired_negative_heavy_25m/patch_20736_ignition_LWF036_20200504.npz,0.99998248,1,0.93502361,1,1,1,True,True,completed
patch_20741_ignition_LWF071_20200517.npz,/mnt/work/wildfire/test_sets/paired_negative_heavy_1km/patch_20741_ignition_LWF071_20200517.npz,/mnt/work/wildfire/test_sets/paired_negative_heavy_25m/patch_20741_ignition_LWF071_20200517.npz,0.99984336,1,0.90377945,1,1,1,True,True,completed
patch_20777_ignition_LWF013_20200428.npz,/mnt/work/wildfire/test_sets/paired_negative_heavy_1km/patch_20777_ignition_LWF013_20200428.npz,/mnt/work/wildfire/test_sets/paired_negative_heavy_25m/patch_20777_ignition_LWF013_20200428.npz,0.99999976,1,0.96391219,1,1,1,True,True,completed
patch_20896_ignition_SWF060_20200818.npz,/mnt/work/wildfire/test_sets/paired_negative_heavy_1km/patch_20896_ignition_SWF060_20200818.npz,/mnt/work/wildfire/test_sets/paired_negative_heavy_25m/patch_20896_ignition_SWF060_20200818.npz,0.92870522,1,0.58142292,1,1,1,True,True,completed
patch_20948_ignition_RWF045_20200825.npz,/mnt/work/wildfire/test_sets/paired_negative_heavy_1km/patch_20948_ignition_RWF045_20200825.npz,/mnt/work/wildfire/test_sets/paired_negative_heavy_25m/patch_20948_ignition_RWF045_20200825.npz,0.99984384,1,0.91433316,1,1,1,True,True,completed
patch_20989_ignition_CWF191_20200915.npz,/mnt/work/wildfire/test_sets/paired_negative_heavy_1km/patch_20989_ignition_CWF191_20200915.npz,/mnt/work/wildfire/test_sets/paired_negative_heavy_25m/patch_20989_ignition_CWF191_20200915.npz,0.99948025,1,0.82203913,1,1,1,True,True,completed
patch_20990_ignition_CWF192_20200916.npz,/mnt/work/wildfire/test_sets/paired_negative_heavy_1km/patch_20990_ignition_CWF192_20200916.npz,/mnt/work/wildfire/test_sets/paired_negative_heavy_25m/patch_20990_ignition_CWF192_20200916.npz,0.99759930,1,0.82740104,1,1,1,True,True,completed
patch_21138_ignition_CWF177_20200907.npz,/mnt/work/wildfire/test_sets/paired_negative_heavy_1km/patch_21138_ignition_CWF177_20200907.npz,/mnt/work/wildfire/test_sets/paired_negative_heavy_25m/patch_21138_ignition_CWF177_20200907.npz,0.99979877,1,0.72480929,1,1,1,True,True,completed
patch_21146_ignition_CWF209_20201029.npz,/mnt/work/wildfire/test_sets/paired_negative_heavy_1km/patch_21146_ignition_CWF209_20201029.npz,/mnt/work/wildfire/test_sets/paired_negative_heavy_25m/patch_21146_ignition_CWF209_20201029.npz,0.99948895,1,0.74218285,1,1,1,True,True,completed
patch_21157_ignition_CWF186_20200909.npz,/mnt/work/wildfire/test_sets/paired_negative_heavy_1km/patch_21157_ignition_CWF186_20200909.npz,/mnt/work/wildfire/test_sets/paired_negative_heavy_25m/patch_21157_ignition_CWF186_20200909.npz,0.99913019,1,0.87308091,1,1,1,True,True,completed
patch_21170_ignition_CWF151_20200906.npz,/mnt/work/wildfire/test_sets/paired_negative_heavy_1km/patch_21170_ignition_CWF151_20200906.npz,/mnt/work/wildfire/test_sets/paired_negative_heavy_25m/patch_21170_ignition_CWF151_20200906.npz,0.99968737,1,0.85307956,1,1,1,True,True,completed
patch_21191_ignition_CWF164_20200905.npz,/mnt/work/wildfire/test_sets/paired_negative_heavy_1km/patch_21191_ignition_CWF164_20200905.npz,/mnt/work/wildfire/test_sets/paired_negative_heavy_25m/patch_21191_ignition_CWF164_20200905.npz,0.99999726,1,0.88480687,1,1,1,True,True,completed
patch_21194_ignition_CWF167_20200906.npz,/mnt/work/wildfire/test_sets/paired_negative_heavy_1km/patch_21194_ignition_CWF167_20200906.npz,/mnt/work/wildfire/test_sets/paired_negative_heavy_25m/patch_21194_ignition_CWF167_20200906.npz,0.99979532,1,0.72111863,1,1,1,True,True,completed
patch_21311_ignition_CWF135_20200828.npz,/mnt/work/wildfire/test_sets/paired_negative_heavy_1km/patch_21311_ignition_CWF135_20200828.npz,/mnt/work/wildfire/test_sets/paired_negative_heavy_25m/patch_21311_ignition_CWF135_20200828.npz,0.99913931,1,0.93090183,1,1,1,True,True,completed
patch_21315_ignition_HWF050_20200919.npz,/mnt/work/wildfire/test_sets/paired_negative_heavy_1km/patch_21315_ignition_HWF050_20200919.npz,/mnt/work/wildfire/test_sets/paired_negative_heavy_25m/patch_21315_ignition_HWF050_20200919.npz,0.80524248,1,0.82255989,1,1,1,True,True,completed
patch_21359_ignition_CWF197_20201001.npz,/mnt/work/wildfire/test_sets/paired_negative_heavy_1km/patch_21359_ignition_CWF197_20201001.npz,/mnt/work/wildfire/test_sets/paired_negative_heavy_25m/patch_21359_ignition_CWF197_20201001.npz,0.99999845,1,0.96707135,1,1,1,True,True,completed
patch_21381_ignition_CWF196_20200928.npz,/mnt/work/wildfire/test_sets/paired_negative_heavy_1km/patch_21381_ignition_CWF196_20200928.npz,/mnt/work/wildfire/test_sets/paired_negative_heavy_25m/patch_21381_ignition_CWF196_20200928.npz,0.99999928,1,0.85973436,1,1,1,True,True,completed
patch_21382_ignition_CWF195_20200919.npz,/mnt/work/wildfire/test_sets/paired_negative_heavy_1km/patch_21382_ignition_CWF195_20200919.npz,/mnt/work/wildfire/test_sets/paired_negative_heavy_25m/patch_21382_ignition_CWF195_20200919.npz,1.00000000,1,0.95284444,1,1,1,True,True,completed
patch_21441_ignition_WWF038_20201002.npz,/mnt/work/wildfire/test_sets/paired_negative_heavy_1km/patch_21441_ignition_WWF038_20201002.npz,/mnt/work/wildfire/test_sets/paired_negative_heavy_25m/patch_21441_ignition_WWF038_20201002.npz,0.97071952,1,0.80845875,1,1,1,True,True,completed
patch_21550_ignition_CWF216_20201201.npz,/mnt/work/wildfire/test_sets/paired_negative_heavy_1km/patch_21550_ignition_CWF216_20201201.npz,/mnt/work/wildfire/test_sets/paired_negative_heavy_25m/patch_21550_ignition_CWF216_20201201.npz,0.99969929,1,0.91968411,1,1,1,True,True,completed
patch_21606_ignition_CWF202_20201009.npz,/mnt/work/wildfire/test_sets/paired_negative_heavy_1km/patch_21606_ignition_CWF202_20201009.npz,/mnt/work/wildfire/test_sets/paired_negative_heavy_25m/patch_21606_ignition_CWF202_20201009.npz,0.99999249,1,0.89303195,1,1,1,True,True,completed
patch_21669_ignition_CWF200_20201007.npz,/mnt/work/wildfire/test_sets/paired_negative_heavy_1km/patch_21669_ignition_CWF200_20201007.npz,/mnt/work/wildfire/test_sets/paired_negative_heavy_25m/patch_21669_ignition_CWF200_20201007.npz,0.99854928,1,0.91053683,1,1,1,True,True,completed
patch_21702_ignition_EWF053_20200926.npz,/mnt/work/wildfire/test_sets/paired_negative_heavy_1km/patch_21702_ignition_EWF053_20200926.npz,/mnt/work/wildfire/test_sets/paired_negative_heavy_25m/patch_21702_ignition_EWF053_20200926.npz,0.99999392,1,0.82983452,1,1,1,True,True,completed
patch_21777_ignition_WWF035_20200925.npz,/mnt/work/wildfire/test_sets/paired_negative_heavy_1km/patch_21777_ignition_WWF035_20200925.npz,/mnt/work/wildfire/test_sets/paired_negative_heavy_25m/patch_21777_ignition_WWF035_20200925.npz,0.99936855,1,0.95385796,1,1,1,True,True,completed
patch_21784_ignition_EWF014_20201101.npz,/mnt/work/wildfire/test_sets/paired_negative_heavy_1km/patch_21784_ignition_EWF014_20201101.npz,/mnt/work/wildfire/test_sets/paired_negative_heavy_25m/patch_21784_ignition_EWF014_20201101.npz,0.99999499,1,0.96618640,1,1,1,True,True,completed
patch_21858_ignition_CWF133_20200826.npz,/mnt/work/wildfire/test_sets/paired_negative_heavy_1km/patch_21858_ignition_CWF133_20200826.npz,/mnt/work/wildfire/test_sets/paired_negative_heavy_25m/patch_21858_ignition_CWF133_20200826.npz,0.99979150,1,0.94661111,1,1,1,True,True,completed
patch_21868_ignition_EWF048_20200910.npz,/mnt/work/wildfire/test_sets/paired_negative_heavy_1km/patch_21868_ignition_EWF048_20200910.npz,/mnt/work/wildfire/test_sets/paired_negative_heavy_25m/patch_21868_ignition_EWF048_20200910.npz,0.99352747,1,0.93317407,1,1,1,True,True,completed
patch_21911_ignition_CWF214_20201127.npz,/mnt/work/wildfire/test_sets/paired_negative_heavy_1km/patch_21911_ignition_CWF214_20201127.npz,/mnt/work/wildfire/test_sets/paired_negative_heavy_25m/patch_21911_ignition_CWF214_20201127.npz,0.99998164,1,0.97708464,1,1,1,True,True,completed
patch_21947_ignition_RWF044_20200824.npz,/mnt/work/wildfire/test_sets/paired_negative_heavy_1km/patch_21947_ignition_RWF044_20200824.npz,/mnt/work/wildfire/test_sets/paired_negative_heavy_25m/patch_21947_ignition_RWF044_20200824.npz,0.99725986,1,0.87907183,1,1,1,True,True,completed
patch_21952_ignition_CWF211_20201115.npz,/mnt/work/wildfire/test_sets/paired_negative_heavy_1km/patch_21952_ignition_CWF211_20201115.npz,/mnt/work/wildfire/test_sets/paired_negative_heavy_25m/patch_21952_ignition_CWF211_20201115.npz,0.99791700,1,0.89511728,1,1,1,True,True,completed
patch_22031_ignition_CWF132_20200825.npz,/mnt/work/wildfire/test_sets/paired_negative_heavy_1km/patch_22031_ignition_CWF132_20200825.npz,/mnt/work/wildfire/test_sets/paired_negative_heavy_25m/patch_22031_ignition_CWF132_20200825.npz,0.99997175,1,0.83129543,1,1,1,True,True,completed
patch_44456_no_ignition_nan_20200115.npz,/mnt/work/wildfire/test_sets/paired_negative_heavy_1km/patch_44456_no_ignition_nan_20200115.npz,,0.00007368,0,,,1,0,False,,blocked_by_model_b
patch_44457_no_ignition_nan_20200115.npz,/mnt/work/wildfire/test_sets/paired_negative_heavy_1km/patch_44457_no_ignition_nan_20200115.npz,,0.00032614,0,,,1,0,False,,blocked_by_model_b
patch_44458_no_ignition_nan_20200115.npz,/mnt/work/wildfire/test_sets/paired_negative_heavy_1km/patch_44458_no_ignition_nan_20200115.npz,/mnt/work/wildfire/test_sets/paired_negative_heavy_25m/patch_44458_no_ignition_nan_20200115.npz,0.80167711,1,0.26643401,0,1,0,False,False,completed
patch_44459_no_ignition_nan_20200115.npz,/mnt/work/wildfire/test_sets/paired_negative_heavy_1km/patch_44459_no_ignition_nan_20200115.npz,,0.00000000,0,,,1,0,False,,blocked_by_model_b
patch_44460_no_ignition_nan_20200115.npz,/mnt/work/wildfire/test_sets/paired_negative_heavy_1km/patch_44460_no_ignition_nan_20200115.npz,,0.00000009,0,,,1,0,False,,blocked_by_model_b
patch_44461_no_ignition_nan_20200115.npz,/mnt/work/wildfire/test_sets/paired_negative_heavy_1km/patch_44461_no_ignition_nan_20200115.npz,,0.00001091,0,,,1,0,False,,blocked_by_model_b
patch_44462_no_ignition_nan_20200215.npz,/mnt/work/wildfire/test_sets/paired_negative_heavy_1km/patch_44462_no_ignition_nan_20200215.npz,,0.00000000,0,,,1,0,False,,blocked_by_model_b
patch_44463_no_ignition_nan_20200215.npz,/mnt/work/wildfire/test_sets/paired_negative_heavy_1km/patch_44463_no_ignition_nan_20200215.npz,,0.00104296,0,,,1,0,False,,blocked_by_model_b
patch_44464_no_ignition_nan_20200315.npz,/mnt/work/wildfire/test_sets/paired_negative_heavy_1km/patch_44464_no_ignition_nan_20200315.npz,,0.00027007,0,,,1,0,False,,blocked_by_model_b
patch_44465_no_ignition_nan_20200315.npz,/mnt/work/wildfire/test_sets/paired_negative_heavy_1km/patch_44465_no_ignition_nan_20200315.npz,,0.00000002,0,,,1,0,False,,blocked_by_model_b
patch_44466_no_ignition_nan_20200315.npz,/mnt/work/wildfire/test_sets/paired_negative_heavy_1km/patch_44466_no_ignition_nan_20200315.npz,,0.00000000,0,,,1,0,False,,blocked_by_model_b
patch_44467_no_ignition_nan_20200315.npz,/mnt/work/wildfire/test_sets/paired_negative_heavy_1km/patch_44467_no_ignition_nan_20200315.npz,,0.00015586,0,,,1,0,False,,blocked_by_model_b
patch_44468_no_ignition_nan_20200315.npz,/mnt/work/wildfire/test_sets/paired_negative_heavy_1km/patch_44468_no_ignition_nan_20200315.npz,/mnt/work/wildfire/test_sets/paired_negative_heavy_25m/patch_44468_no_ignition_nan_20200315.npz,0.33235520,1,0.57877016,1,1,1,False,False,completed
patch_44469_no_ignition_nan_20200315.npz,/mnt/work/wildfire/test_sets/paired_negative_heavy_1km/patch_44469_no_ignition_nan_20200315.npz,,0.00000000,0,,,1,0,False,,blocked_by_model_b
patch_44470_no_ignition_nan_20200415.npz,/mnt/work/wildfire/test_sets/paired_negative_heavy_1km/patch_44470_no_ignition_nan_20200415.npz,,0.00000000,0,,,1,0,False,,blocked_by_model_b
patch_44471_no_ignition_nan_20200415.npz,/mnt/work/wildfire/test_sets/paired_negative_heavy_1km/patch_44471_no_ignition_nan_20200415.npz,,0.00060010,0,,,1,0,False,,blocked_by_model_b
patch_44472_no_ignition_nan_20200415.npz,/mnt/work/wildfire/test_sets/paired_negative_heavy_1km/patch_44472_no_ignition_nan_20200415.npz,,0.00000000,0,,,1,0,False,,blocked_by_model_b
patch_44473_no_ignition_nan_20200415.npz,/mnt/work/wildfire/test_sets/paired_negative_heavy_1km/patch_44473_no_ignition_nan_20200415.npz,,0.01824079,0,,,1,0,False,,blocked_by_model_b
patch_44474_no_ignition_nan_20200415.npz,/mnt/work/wildfire/test_sets/paired_negative_heavy_1km/patch_44474_no_ignition_nan_20200415.npz,,0.00344834,0,,,1,0,False,,blocked_by_model_b
patch_44475_no_ignition_nan_20200415.npz,/mnt/work/wildfire/test_sets/paired_negative_heavy_1km/patch_44475_no_ignition_nan_20200415.npz,,0.00000000,0,,,1,0,False,,blocked_by_model_b
patch_44476_no_ignition_nan_20200415.npz,/mnt/work/wildfire/test_sets/paired_negative_heavy_1km/patch_44476_no_ignition_nan_20200415.npz,,0.00000248,0,,,1,0,False,,blocked_by_model_b
patch_44477_no_ignition_nan_20200415.npz,/mnt/work/wildfire/test_sets/paired_negative_heavy_1km/patch_44477_no_ignition_nan_20200415.npz,,0.00000000,0,,,1,0,False,,blocked_by_model_b
patch_44478_no_ignition_nan_20200415.npz,/mnt/work/wildfire/test_sets/paired_negative_heavy_1km/patch_44478_no_ignition_nan_20200415.npz,,0.16085021,0,,,1,0,False,,blocked_by_model_b
patch_44479_no_ignition_nan_20200415.npz,/mnt/work/wildfire/test_sets/paired_negative_heavy_1km/patch_44479_no_ignition_nan_20200415.npz,,0.00050563,0,,,1,0,False,,blocked_by_model_b
patch_44480_no_ignition_nan_20200415.npz,/mnt/work/wildfire/test_sets/paired_negative_heavy_1km/patch_44480_no_ignition_nan_20200415.npz,,0.00000072,0,,,1,0,False,,blocked_by_model_b
patch_44481_no_ignition_nan_20200415.npz,/mnt/work/wildfire/test_sets/paired_negative_heavy_1km/patch_44481_no_ignition_nan_20200415.npz,,0.00033803,0,,,1,0,False,,blocked_by_model_b
patch_44482_no_ignition_nan_20200415.npz,/mnt/work/wildfire/test_sets/paired_negative_heavy_1km/patch_44482_no_ignition_nan_20200415.npz,,0.00000000,0,,,1,0,False,,blocked_by_model_b
patch_44483_no_ignition_nan_20200415.npz,/mnt/work/wildfire/test_sets/paired_negative_heavy_1km/patch_44483_no_ignition_nan_20200415.npz,,0.00028107,0,,,1,0,False,,blocked_by_model_b
patch_44484_no_ignition_nan_20200415.npz,/mnt/work/wildfire/test_sets/paired_negative_heavy_1km/patch_44484_no_ignition_nan_20200415.npz,,0.00000001,0,,,1,0,False,,blocked_by_model_b
patch_44485_no_ignition_nan_20200415.npz,/mnt/work/wildfire/test_sets/paired_negative_heavy_1km/patch_44485_no_ignition_nan_20200415.npz,,0.00048262,0,,,1,0,False,,blocked_by_model_b
patch_44486_no_ignition_nan_20200415.npz,/mnt/work/wildfire/test_sets/paired_negative_heavy_1km/patch_44486_no_ignition_nan_20200415.npz,,0.00000000,0,,,1,0,False,,blocked_by_model_b
patch_44487_no_ignition_nan_20200415.npz,/mnt/work/wildfire/test_sets/paired_negative_heavy_1km/patch_44487_no_ignition_nan_20200415.npz,,0.00025901,0,,,1,0,False,,blocked_by_model_b
patch_44488_no_ignition_nan_20200415.npz,/mnt/work/wildfire/test_sets/paired_negative_heavy_1km/patch_44488_no_ignition_nan_20200415.npz,,0.00000000,0,,,1,0,False,,blocked_by_model_b
patch_44489_no_ignition_nan_20200415.npz,/mnt/work/wildfire/test_sets/paired_negative_heavy_1km/patch_44489_no_ignition_nan_20200415.npz,,0.00049241,0,,,1,0,False,,blocked_by_model_b
patch_44490_no_ignition_nan_20200415.npz,/mnt/work/wildfire/test_sets/paired_negative_heavy_1km/patch_44490_no_ignition_nan_20200415.npz,,0.00000000,0,,,1,0,False,,blocked_by_model_b
patch_44491_no_ignition_nan_20200415.npz,/mnt/work/wildfire/test_sets/paired_negative_heavy_1km/patch_44491_no_ignition_nan_20200415.npz,,0.00000000,0,,,1,0,False,,blocked_by_model_b
patch_44492_no_ignition_nan_20200415.npz,/mnt/work/wildfire/test_sets/paired_negative_heavy_1km/patch_44492_no_ignition_nan_20200415.npz,,0.00017060,0,,,1,0,False,,blocked_by_model_b
patch_44493_no_ignition_nan_20200415.npz,/mnt/work/wildfire/test_sets/paired_negative_heavy_1km/patch_44493_no_ignition_nan_20200415.npz,,0.00000000,0,,,1,0,False,,blocked_by_model_b
patch_44494_no_ignition_nan_20200415.npz,/mnt/work/wildfire/test_sets/paired_negative_heavy_1km/patch_44494_no_ignition_nan_20200415.npz,,0.00009311,0,,,1,0,False,,blocked_by_model_b
patch_44495_no_ignition_nan_20200415.npz,/mnt/work/wildfire/test_sets/paired_negative_heavy_1km/patch_44495_no_ignition_nan_20200415.npz,,0.00007139,0,,,1,0,False,,blocked_by_model_b
patch_44496_no_ignition_nan_20200415.npz,/mnt/work/wildfire/test_sets/paired_negative_heavy_1km/patch_44496_no_ignition_nan_20200415.npz,,0.00000000,0,,,1,0,False,,blocked_by_model_b
patch_44497_no_ignition_nan_20200415.npz,/mnt/work/wildfire/test_sets/paired_negative_heavy_1km/patch_44497_no_ignition_nan_20200415.npz,,0.00451816,0,,,1,0,False,,blocked_by_model_b
patch_44498_no_ignition_nan_20200415.npz,/mnt/work/wildfire/test_sets/paired_negative_heavy_1km/patch_44498_no_ignition_nan_20200415.npz,,0.00000000,0,,,1,0,False,,blocked_by_model_b
patch_44499_no_ignition_nan_20200415.npz,/mnt/work/wildfire/test_sets/paired_negative_heavy_1km/patch_44499_no_ignition_nan_20200415.npz,,0.00000000,0,,,1,0,False,,blocked_by_model_b
patch_44500_no_ignition_nan_20200415.npz,/mnt/work/wildfire/test_sets/paired_negative_heavy_1km/patch_44500_no_ignition_nan_20200415.npz,,0.00055467,0,,,1,0,False,,blocked_by_model_b
patch_44501_no_ignition_nan_20200415.npz,/mnt/work/wildfire/test_sets/paired_negative_heavy_1km/patch_44501_no_ignition_nan_20200415.npz,,0.02379786,0,,,1,0,False,,blocked_by_model_b
patch_44502_no_ignition_nan_20200415.npz,/mnt/work/wildfire/test_sets/paired_negative_heavy_1km/patch_44502_no_ignition_nan_20200415.npz,,0.00000000,0,,,1,0,False,,blocked_by_model_b
patch_44503_no_ignition_nan_20200415.npz,/mnt/work/wildfire/test_sets/paired_negative_heavy_1km/patch_44503_no_ignition_nan_20200415.npz,,0.00000000,0,,,1,0,False,,blocked_by_model_b
patch_44504_no_ignition_nan_20200415.npz,/mnt/work/wildfire/test_sets/paired_negative_heavy_1km/patch_44504_no_ignition_nan_20200415.npz,,0.00000000,0,,,1,0,False,,blocked_by_model_b
patch_44505_no_ignition_nan_20200415.npz,/mnt/work/wildfire/test_sets/paired_negative_heavy_1km/patch_44505_no_ignition_nan_20200415.npz,,0.00000000,0,,,1,0,False,,blocked_by_model_b
patch_44506_no_ignition_nan_20200415.npz,/mnt/work/wildfire/test_sets/paired_negative_heavy_1km/patch_44506_no_ignition_nan_20200415.npz,,0.00001018,0,,,1,0,False,,blocked_by_model_b
patch_44507_no_ignition_nan_20200415.npz,/mnt/work/wildfire/test_sets/paired_negative_heavy_1km/patch_44507_no_ignition_nan_20200415.npz,,0.00000176,0,,,1,0,False,,blocked_by_model_b
patch_44508_no_ignition_nan_20200415.npz,/mnt/work/wildfire/test_sets/paired_negative_heavy_1km/patch_44508_no_ignition_nan_20200415.npz,,0.00000000,0,,,1,0,False,,blocked_by_model_b
patch_44509_no_ignition_nan_20200415.npz,/mnt/work/wildfire/test_sets/paired_negative_heavy_1km/patch_44509_no_ignition_nan_20200415.npz,,0.00000002,0,,,1,0,False,,blocked_by_model_b
patch_44510_no_ignition_nan_20200415.npz,/mnt/work/wildfire/test_sets/paired_negative_heavy_1km/patch_44510_no_ignition_nan_20200415.npz,,0.00108803,0,,,1,0,False,,blocked_by_model_b
patch_44511_no_ignition_nan_20200415.npz,/mnt/work/wildfire/test_sets/paired_negative_heavy_1km/patch_44511_no_ignition_nan_20200415.npz,,0.00022762,0,,,1,0,False,,blocked_by_model_b
patch_44512_no_ignition_nan_20200415.npz,/mnt/work/wildfire/test_sets/paired_negative_heavy_1km/patch_44512_no_ignition_nan_20200415.npz,,0.00059638,0,,,1,0,False,,blocked_by_model_b
patch_44513_no_ignition_nan_20200415.npz,/mnt/work/wildfire/test_sets/paired_negative_heavy_1km/patch_44513_no_ignition_nan_20200415.npz,,0.00000000,0,,,1,0,False,,blocked_by_model_b
patch_44514_no_ignition_nan_20200415.npz,/mnt/work/wildfire/test_sets/paired_negative_heavy_1km/patch_44514_no_ignition_nan_20200415.npz,,0.00000000,0,,,1,0,False,,blocked_by_model_b
patch_44515_no_ignition_nan_20200415.npz,/mnt/work/wildfire/test_sets/paired_negative_heavy_1km/patch_44515_no_ignition_nan_20200415.npz,,0.01895641,0,,,1,0,False,,blocked_by_model_b
patch_44516_no_ignition_nan_20200415.npz,/mnt/work/wildfire/test_sets/paired_negative_heavy_1km/patch_44516_no_ignition_nan_20200415.npz,,0.00004784,0,,,1,0,False,,blocked_by_model_b
patch_44517_no_ignition_nan_20200415.npz,/mnt/work/wildfire/test_sets/paired_negative_heavy_1km/patch_44517_no_ignition_nan_20200415.npz,,0.08336492,0,,,1,0,False,,blocked_by_model_b
patch_44518_no_ignition_nan_20200415.npz,/mnt/work/wildfire/test_sets/paired_negative_heavy_1km/patch_44518_no_ignition_nan_20200415.npz,,0.00005724,0,,,1,0,False,,blocked_by_model_b
patch_44519_no_ignition_nan_20200415.npz,/mnt/work/wildfire/test_sets/paired_negative_heavy_1km/patch_44519_no_ignition_nan_20200415.npz,,0.00000000,0,,,1,0,False,,blocked_by_model_b
patch_44520_no_ignition_nan_20200415.npz,/mnt/work/wildfire/test_sets/paired_negative_heavy_1km/patch_44520_no_ignition_nan_20200415.npz,,0.00053960,0,,,1,0,False,,blocked_by_model_b
patch_44521_no_ignition_nan_20200415.npz,/mnt/work/wildfire/test_sets/paired_negative_heavy_1km/patch_44521_no_ignition_nan_20200415.npz,,0.00000000,0,,,1,0,False,,blocked_by_model_b
patch_44522_no_ignition_nan_20200415.npz,/mnt/work/wildfire/test_sets/paired_negative_heavy_1km/patch_44522_no_ignition_nan_20200415.npz,,0.00025092,0,,,1,0,False,,blocked_by_model_b
patch_44523_no_ignition_nan_20200415.npz,/mnt/work/wildfire/test_sets/paired_negative_heavy_1km/patch_44523_no_ignition_nan_20200415.npz,,0.00000000,0,,,1,0,False,,blocked_by_model_b
patch_44524_no_ignition_nan_20200515.npz,/mnt/work/wildfire/test_sets/paired_negative_heavy_1km/patch_44524_no_ignition_nan_20200515.npz,,0.00000001,0,,,1,0,False,,blocked_by_model_b
patch_44525_no_ignition_nan_20200515.npz,/mnt/work/wildfire/test_sets/paired_negative_heavy_1km/patch_44525_no_ignition_nan_20200515.npz,,0.00000000,0,,,1,0,False,,blocked_by_model_b
patch_44526_no_ignition_nan_20200515.npz,/mnt/work/wildfire/test_sets/paired_negative_heavy_1km/patch_44526_no_ignition_nan_20200515.npz,,0.01850474,0,,,1,0,False,,blocked_by_model_b
patch_44527_no_ignition_nan_20200515.npz,/mnt/work/wildfire/test_sets/paired_negative_heavy_1km/patch_44527_no_ignition_nan_20200515.npz,,0.00000000,0,,,1,0,False,,blocked_by_model_b
patch_44528_no_ignition_nan_20200515.npz,/mnt/work/wildfire/test_sets/paired_negative_heavy_1km/patch_44528_no_ignition_nan_20200515.npz,,0.07260997,0,,,1,0,False,,blocked_by_model_b
patch_44529_no_ignition_nan_20200515.npz,/mnt/work/wildfire/test_sets/paired_negative_heavy_1km/patch_44529_no_ignition_nan_20200515.npz,,0.13041478,0,,,1,0,False,,blocked_by_model_b
patch_44530_no_ignition_nan_20200515.npz,/mnt/work/wildfire/test_sets/paired_negative_heavy_1km/patch_44530_no_ignition_nan_20200515.npz,,0.00000004,0,,,1,0,False,,blocked_by_model_b
patch_44531_no_ignition_nan_20200515.npz,/mnt/work/wildfire/test_sets/paired_negative_heavy_1km/patch_44531_no_ignition_nan_20200515.npz,,0.05280142,0,,,1,0,False,,blocked_by_model_b
patch_44532_no_ignition_nan_20200515.npz,/mnt/work/wildfire/test_sets/paired_negative_heavy_1km/patch_44532_no_ignition_nan_20200515.npz,/mnt/work/wildfire/test_sets/paired_negative_heavy_25m/patch_44532_no_ignition_nan_20200515.npz,0.48055041,1,0.40304834,0,1,0,False,False,completed
patch_44533_no_ignition_nan_20200515.npz,/mnt/work/wildfire/test_sets/paired_negative_heavy_1km/patch_44533_no_ignition_nan_20200515.npz,,0.01362394,0,,,1,0,False,,blocked_by_model_b
patch_44534_no_ignition_nan_20200515.npz,/mnt/work/wildfire/test_sets/paired_negative_heavy_1km/patch_44534_no_ignition_nan_20200515.npz,,0.00002952,0,,,1,0,False,,blocked_by_model_b
patch_44535_no_ignition_nan_20200515.npz,/mnt/work/wildfire/test_sets/paired_negative_heavy_1km/patch_44535_no_ignition_nan_20200515.npz,,0.00000000,0,,,1,0,False,,blocked_by_model_b
patch_44536_no_ignition_nan_20200515.npz,/mnt/work/wildfire/test_sets/paired_negative_heavy_1km/patch_44536_no_ignition_nan_20200515.npz,,0.00000000,0,,,1,0,False,,blocked_by_model_b
patch_44537_no_ignition_nan_20200515.npz,/mnt/work/wildfire/test_sets/paired_negative_heavy_1km/patch_44537_no_ignition_nan_20200515.npz,,0.00000009,0,,,1,0,False,,blocked_by_model_b
patch_44538_no_ignition_nan_20200515.npz,/mnt/work/wildfire/test_sets/paired_negative_heavy_1km/patch_44538_no_ignition_nan_20200515.npz,,0.00033474,0,,,1,0,False,,blocked_by_model_b
patch_44539_no_ignition_nan_20200515.npz,/mnt/work/wildfire/test_sets/paired_negative_heavy_1km/patch_44539_no_ignition_nan_20200515.npz,,0.00006839,0,,,1,0,False,,blocked_by_model_b
patch_44540_no_ignition_nan_20200515.npz,/mnt/work/wildfire/test_sets/paired_negative_heavy_1km/patch_44540_no_ignition_nan_20200515.npz,,0.00000000,0,,,1,0,False,,blocked_by_model_b
patch_44541_no_ignition_nan_20200515.npz,/mnt/work/wildfire/test_sets/paired_negative_heavy_1km/patch_44541_no_ignition_nan_20200515.npz,,0.00000004,0,,,1,0,False,,blocked_by_model_b
patch_44542_no_ignition_nan_20200515.npz,/mnt/work/wildfire/test_sets/paired_negative_heavy_1km/patch_44542_no_ignition_nan_20200515.npz,,0.00000033,0,,,1,0,False,,blocked_by_model_b
patch_44543_no_ignition_nan_20200515.npz,/mnt/work/wildfire/test_sets/paired_negative_heavy_1km/patch_44543_no_ignition_nan_20200515.npz,,0.00000003,0,,,1,0,False,,blocked_by_model_b
patch_44544_no_ignition_nan_20200515.npz,/mnt/work/wildfire/test_sets/paired_negative_heavy_1km/patch_44544_no_ignition_nan_20200515.npz,,0.00002970,0,,,1,0,False,,blocked_by_model_b
patch_44545_no_ignition_nan_20200515.npz,/mnt/work/wildfire/test_sets/paired_negative_heavy_1km/patch_44545_no_ignition_nan_20200515.npz,,0.00000093,0,,,1,0,False,,blocked_by_model_b
patch_44546_no_ignition_nan_20200515.npz,/mnt/work/wildfire/test_sets/paired_negative_heavy_1km/patch_44546_no_ignition_nan_20200515.npz,,0.00204945,0,,,1,0,False,,blocked_by_model_b
patch_44547_no_ignition_nan_20200515.npz,/mnt/work/wildfire/test_sets/paired_negative_heavy_1km/patch_44547_no_ignition_nan_20200515.npz,,0.00000002,0,,,1,0,False,,blocked_by_model_b
patch_44548_no_ignition_nan_20200515.npz,/mnt/work/wildfire/test_sets/paired_negative_heavy_1km/patch_44548_no_ignition_nan_20200515.npz,,0.00000000,0,,,1,0,False,,blocked_by_model_b
patch_44549_no_ignition_nan_20200515.npz,/mnt/work/wildfire/test_sets/paired_negative_heavy_1km/patch_44549_no_ignition_nan_20200515.npz,,0.00058667,0,,,1,0,False,,blocked_by_model_b
patch_44550_no_ignition_nan_20200515.npz,/mnt/work/wildfire/test_sets/paired_negative_heavy_1km/patch_44550_no_ignition_nan_20200515.npz,,0.00000000,0,,,1,0,False,,blocked_by_model_b
patch_44551_no_ignition_nan_20200515.npz,/mnt/work/wildfire/test_sets/paired_negative_heavy_1km/patch_44551_no_ignition_nan_20200515.npz,,0.00000000,0,,,1,0,False,,blocked_by_model_b
patch_44552_no_ignition_nan_20200515.npz,/mnt/work/wildfire/test_sets/paired_negative_heavy_1km/patch_44552_no_ignition_nan_20200515.npz,,0.00461359,0,,,1,0,False,,blocked_by_model_b
patch_44553_no_ignition_nan_20200515.npz,/mnt/work/wildfire/test_sets/paired_negative_heavy_1km/patch_44553_no_ignition_nan_20200515.npz,,0.01881992,0,,,1,0,False,,blocked_by_model_b
patch_44554_no_ignition_nan_20200515.npz,/mnt/work/wildfire/test_sets/paired_negative_heavy_1km/patch_44554_no_ignition_nan_20200515.npz,,0.00000000,0,,,1,0,False,,blocked_by_model_b
patch_44555_no_ignition_nan_20200515.npz,/mnt/work/wildfire/test_sets/paired_negative_heavy_1km/patch_44555_no_ignition_nan_20200515.npz,/mnt/work/wildfire/test_sets/paired_negative_heavy_25m/patch_44555_no_ignition_nan_20200515.npz,0.29844731,1,0.43889064,0,1,0,False,False,completed
patch_44556_no_ignition_nan_20200515.npz,/mnt/work/wildfire/test_sets/paired_negative_heavy_1km/patch_44556_no_ignition_nan_20200515.npz,,0.00000000,0,,,1,0,False,,blocked_by_model_b
patch_44557_no_ignition_nan_20200515.npz,/mnt/work/wildfire/test_sets/paired_negative_heavy_1km/patch_44557_no_ignition_nan_20200515.npz,,0.00000078,0,,,1,0,False,,blocked_by_model_b
patch_44558_no_ignition_nan_20200515.npz,/mnt/work/wildfire/test_sets/paired_negative_heavy_1km/patch_44558_no_ignition_nan_20200515.npz,,0.09517532,0,,,1,0,False,,blocked_by_model_b
patch_44559_no_ignition_nan_20200515.npz,/mnt/work/wildfire/test_sets/paired_negative_heavy_1km/patch_44559_no_ignition_nan_20200515.npz,,0.00000000,0,,,1,0,False,,blocked_by_model_b
patch_44560_no_ignition_nan_20200515.npz,/mnt/work/wildfire/test_sets/paired_negative_heavy_1km/patch_44560_no_ignition_nan_20200515.npz,,0.04564979,0,,,1,0,False,,blocked_by_model_b
patch_44561_no_ignition_nan_20200515.npz,/mnt/work/wildfire/test_sets/paired_negative_heavy_1km/patch_44561_no_ignition_nan_20200515.npz,,0.00000000,0,,,1,0,False,,blocked_by_model_b
patch_44562_no_ignition_nan_20200515.npz,/mnt/work/wildfire/test_sets/paired_negative_heavy_1km/patch_44562_no_ignition_nan_20200515.npz,,0.00000001,0,,,1,0,False,,blocked_by_model_b
patch_44563_no_ignition_nan_20200515.npz,/mnt/work/wildfire/test_sets/paired_negative_heavy_1km/patch_44563_no_ignition_nan_20200515.npz,/mnt/work/wildfire/test_sets/paired_negative_heavy_25m/patch_44563_no_ignition_nan_20200515.npz,0.70441765,1,0.77272612,1,1,1,False,False,completed
patch_44564_no_ignition_nan_20200515.npz,/mnt/work/wildfire/test_sets/paired_negative_heavy_1km/patch_44564_no_ignition_nan_20200515.npz,,0.00000001,0,,,1,0,False,,blocked_by_model_b
patch_44565_no_ignition_nan_20200515.npz,/mnt/work/wildfire/test_sets/paired_negative_heavy_1km/patch_44565_no_ignition_nan_20200515.npz,,0.00784345,0,,,1,0,False,,blocked_by_model_b
patch_44566_no_ignition_nan_20200515.npz,/mnt/work/wildfire/test_sets/paired_negative_heavy_1km/patch_44566_no_ignition_nan_20200515.npz,,0.00000032,0,,,1,0,False,,blocked_by_model_b
patch_44567_no_ignition_nan_20200515.npz,/mnt/work/wildfire/test_sets/paired_negative_heavy_1km/patch_44567_no_ignition_nan_20200515.npz,,0.00000000,0,,,1,0,False,,blocked_by_model_b
patch_44568_no_ignition_nan_20200515.npz,/mnt/work/wildfire/test_sets/paired_negative_heavy_1km/patch_44568_no_ignition_nan_20200515.npz,,0.00000000,0,,,1,0,False,,blocked_by_model_b
patch_44569_no_ignition_nan_20200515.npz,/mnt/work/wildfire/test_sets/paired_negative_heavy_1km/patch_44569_no_ignition_nan_20200515.npz,,0.00000000,0,,,1,0,False,,blocked_by_model_b
patch_44570_no_ignition_nan_20200515.npz,/mnt/work/wildfire/test_sets/paired_negative_heavy_1km/patch_44570_no_ignition_nan_20200515.npz,,0.00000000,0,,,1,0,False,,blocked_by_model_b
patch_44571_no_ignition_nan_20200515.npz,/mnt/work/wildfire/test_sets/paired_negative_heavy_1km/patch_44571_no_ignition_nan_20200515.npz,,0.00000017,0,,,1,0,False,,blocked_by_model_b
patch_44572_no_ignition_nan_20200515.npz,/mnt/work/wildfire/test_sets/paired_negative_heavy_1km/patch_44572_no_ignition_nan_20200515.npz,,0.00000077,0,,,1,0,False,,blocked_by_model_b
patch_44573_no_ignition_nan_20200515.npz,/mnt/work/wildfire/test_sets/paired_negative_heavy_1km/patch_44573_no_ignition_nan_20200515.npz,,0.00000001,0,,,1,0,False,,blocked_by_model_b
patch_44574_no_ignition_nan_20200515.npz,/mnt/work/wildfire/test_sets/paired_negative_heavy_1km/patch_44574_no_ignition_nan_20200515.npz,,0.00000007,0,,,1,0,False,,blocked_by_model_b
patch_44575_no_ignition_nan_20200515.npz,/mnt/work/wildfire/test_sets/paired_negative_heavy_1km/patch_44575_no_ignition_nan_20200515.npz,,0.00000000,0,,,1,0,False,,blocked_by_model_b
patch_44576_no_ignition_nan_20200515.npz,/mnt/work/wildfire/test_sets/paired_negative_heavy_1km/patch_44576_no_ignition_nan_20200515.npz,/mnt/work/wildfire/test_sets/paired_negative_heavy_25m/patch_44576_no_ignition_nan_20200515.npz,0.22204700,1,0.46643892,0,1,0,False,False,completed
patch_44577_no_ignition_nan_20200515.npz,/mnt/work/wildfire/test_sets/paired_negative_heavy_1km/patch_44577_no_ignition_nan_20200515.npz,,0.09968052,0,,,1,0,False,,blocked_by_model_b
patch_44578_no_ignition_nan_20200515.npz,/mnt/work/wildfire/test_sets/paired_negative_heavy_1km/patch_44578_no_ignition_nan_20200515.npz,,0.00191554,0,,,1,0,False,,blocked_by_model_b
patch_44579_no_ignition_nan_20200515.npz,/mnt/work/wildfire/test_sets/paired_negative_heavy_1km/patch_44579_no_ignition_nan_20200515.npz,,0.00385636,0,,,1,0,False,,blocked_by_model_b
patch_44580_no_ignition_nan_20200515.npz,/mnt/work/wildfire/test_sets/paired_negative_heavy_1km/patch_44580_no_ignition_nan_20200515.npz,,0.00000000,0,,,1,0,False,,blocked_by_model_b
patch_44581_no_ignition_nan_20200515.npz,/mnt/work/wildfire/test_sets/paired_negative_heavy_1km/patch_44581_no_ignition_nan_20200515.npz,,0.00000000,0,,,1,0,False,,blocked_by_model_b
patch_44582_no_ignition_nan_20200515.npz,/mnt/work/wildfire/test_sets/paired_negative_heavy_1km/patch_44582_no_ignition_nan_20200515.npz,,0.00000005,0,,,1,0,False,,blocked_by_model_b
patch_44583_no_ignition_nan_20200515.npz,/mnt/work/wildfire/test_sets/paired_negative_heavy_1km/patch_44583_no_ignition_nan_20200515.npz,,0.00003955,0,,,1,0,False,,blocked_by_model_b
patch_44584_no_ignition_nan_20200515.npz,/mnt/work/wildfire/test_sets/paired_negative_heavy_1km/patch_44584_no_ignition_nan_20200515.npz,,0.00254741,0,,,1,0,False,,blocked_by_model_b
patch_44585_no_ignition_nan_20200515.npz,/mnt/work/wildfire/test_sets/paired_negative_heavy_1km/patch_44585_no_ignition_nan_20200515.npz,,0.00000000,0,,,1,0,False,,blocked_by_model_b
patch_44586_no_ignition_nan_20200515.npz,/mnt/work/wildfire/test_sets/paired_negative_heavy_1km/patch_44586_no_ignition_nan_20200515.npz,,0.00029666,0,,,1,0,False,,blocked_by_model_b
patch_44587_no_ignition_nan_20200515.npz,/mnt/work/wildfire/test_sets/paired_negative_heavy_1km/patch_44587_no_ignition_nan_20200515.npz,,0.00003108,0,,,1,0,False,,blocked_by_model_b
patch_44588_no_ignition_nan_20200515.npz,/mnt/work/wildfire/test_sets/paired_negative_heavy_1km/patch_44588_no_ignition_nan_20200515.npz,,0.00000006,0,,,1,0,False,,blocked_by_model_b
patch_44589_no_ignition_nan_20200515.npz,/mnt/work/wildfire/test_sets/paired_negative_heavy_1km/patch_44589_no_ignition_nan_20200515.npz,,0.00001391,0,,,1,0,False,,blocked_by_model_b
patch_44590_no_ignition_nan_20200515.npz,/mnt/work/wildfire/test_sets/paired_negative_heavy_1km/patch_44590_no_ignition_nan_20200515.npz,,0.00000001,0,,,1,0,False,,blocked_by_model_b
patch_44591_no_ignition_nan_20200515.npz,/mnt/work/wildfire/test_sets/paired_negative_heavy_1km/patch_44591_no_ignition_nan_20200515.npz,,0.08284129,0,,,1,0,False,,blocked_by_model_b
patch_44592_no_ignition_nan_20200515.npz,/mnt/work/wildfire/test_sets/paired_negative_heavy_1km/patch_44592_no_ignition_nan_20200515.npz,,0.00000000,0,,,1,0,False,,blocked_by_model_b
patch_44593_no_ignition_nan_20200515.npz,/mnt/work/wildfire/test_sets/paired_negative_heavy_1km/patch_44593_no_ignition_nan_20200515.npz,,0.00000000,0,,,1,0,False,,blocked_by_model_b
patch_44594_no_ignition_nan_20200515.npz,/mnt/work/wildfire/test_sets/paired_negative_heavy_1km/patch_44594_no_ignition_nan_20200515.npz,,0.00000000,0,,,1,0,False,,blocked_by_model_b
patch_44595_no_ignition_nan_20200515.npz,/mnt/work/wildfire/test_sets/paired_negative_heavy_1km/patch_44595_no_ignition_nan_20200515.npz,/mnt/work/wildfire/test_sets/paired_negative_heavy_25m/patch_44595_no_ignition_nan_20200515.npz,0.70718914,1,0.62615317,1,1,1,False,False,completed
patch_44596_no_ignition_nan_20200515.npz,/mnt/work/wildfire/test_sets/paired_negative_heavy_1km/patch_44596_no_ignition_nan_20200515.npz,,0.00170994,0,,,1,0,False,,blocked_by_model_b
patch_44597_no_ignition_nan_20200515.npz,/mnt/work/wildfire/test_sets/paired_negative_heavy_1km/patch_44597_no_ignition_nan_20200515.npz,,0.00000000,0,,,1,0,False,,blocked_by_model_b
patch_44598_no_ignition_nan_20200515.npz,/mnt/work/wildfire/test_sets/paired_negative_heavy_1km/patch_44598_no_ignition_nan_20200515.npz,,0.00000001,0,,,1,0,False,,blocked_by_model_b
patch_44599_no_ignition_nan_20200515.npz,/mnt/work/wildfire/test_sets/paired_negative_heavy_1km/patch_44599_no_ignition_nan_20200515.npz,,0.00000001,0,,,1,0,False,,blocked_by_model_b
patch_44600_no_ignition_nan_20200515.npz,/mnt/work/wildfire/test_sets/paired_negative_heavy_1km/patch_44600_no_ignition_nan_20200515.npz,,0.11989884,0,,,1,0,False,,blocked_by_model_b
patch_44601_no_ignition_nan_20200515.npz,/mnt/work/wildfire/test_sets/paired_negative_heavy_1km/patch_44601_no_ignition_nan_20200515.npz,,0.00000010,0,,,1,0,False,,blocked_by_model_b
patch_44602_no_ignition_nan_20200515.npz,/mnt/work/wildfire/test_sets/paired_negative_heavy_1km/patch_44602_no_ignition_nan_20200515.npz,,0.00088057,0,,,1,0,False,,blocked_by_model_b
patch_44603_no_ignition_nan_20200515.npz,/mnt/work/wildfire/test_sets/paired_negative_heavy_1km/patch_44603_no_ignition_nan_20200515.npz,,0.10834020,0,,,1,0,False,,blocked_by_model_b
patch_44604_no_ignition_nan_20200515.npz,/mnt/work/wildfire/test_sets/paired_negative_heavy_1km/patch_44604_no_ignition_nan_20200515.npz,/mnt/work/wildfire/test_sets/paired_negative_heavy_25m/patch_44604_no_ignition_nan_20200515.npz,0.57810014,1,0.64667332,1,1,1,False,False,completed
patch_44605_no_ignition_nan_20200515.npz,/mnt/work/wildfire/test_sets/paired_negative_heavy_1km/patch_44605_no_ignition_nan_20200515.npz,,0.00000005,0,,,1,0,False,,blocked_by_model_b
patch_44606_no_ignition_nan_20200515.npz,/mnt/work/wildfire/test_sets/paired_negative_heavy_1km/patch_44606_no_ignition_nan_20200515.npz,,0.00000006,0,,,1,0,False,,blocked_by_model_b
patch_44607_no_ignition_nan_20200515.npz,/mnt/work/wildfire/test_sets/paired_negative_heavy_1km/patch_44607_no_ignition_nan_20200515.npz,,0.00000460,0,,,1,0,False,,blocked_by_model_b
patch_44608_no_ignition_nan_20200515.npz,/mnt/work/wildfire/test_sets/paired_negative_heavy_1km/patch_44608_no_ignition_nan_20200515.npz,,0.00003991,0,,,1,0,False,,blocked_by_model_b
patch_44609_no_ignition_nan_20200515.npz,/mnt/work/wildfire/test_sets/paired_negative_heavy_1km/patch_44609_no_ignition_nan_20200515.npz,,0.00000003,0,,,1,0,False,,blocked_by_model_b
patch_44610_no_ignition_nan_20200515.npz,/mnt/work/wildfire/test_sets/paired_negative_heavy_1km/patch_44610_no_ignition_nan_20200515.npz,,0.00000120,0,,,1,0,False,,blocked_by_model_b
patch_44611_no_ignition_nan_20200515.npz,/mnt/work/wildfire/test_sets/paired_negative_heavy_1km/patch_44611_no_ignition_nan_20200515.npz,,0.00000000,0,,,1,0,False,,blocked_by_model_b
patch_44612_no_ignition_nan_20200515.npz,/mnt/work/wildfire/test_sets/paired_negative_heavy_1km/patch_44612_no_ignition_nan_20200515.npz,,0.05090107,0,,,1,0,False,,blocked_by_model_b
patch_44613_no_ignition_nan_20200515.npz,/mnt/work/wildfire/test_sets/paired_negative_heavy_1km/patch_44613_no_ignition_nan_20200515.npz,,0.00224324,0,,,1,0,False,,blocked_by_model_b
patch_44614_no_ignition_nan_20200515.npz,/mnt/work/wildfire/test_sets/paired_negative_heavy_1km/patch_44614_no_ignition_nan_20200515.npz,,0.02533334,0,,,1,0,False,,blocked_by_model_b
patch_44615_no_ignition_nan_20200515.npz,/mnt/work/wildfire/test_sets/paired_negative_heavy_1km/patch_44615_no_ignition_nan_20200515.npz,,0.00005131,0,,,1,0,False,,blocked_by_model_b
patch_44616_no_ignition_nan_20200515.npz,/mnt/work/wildfire/test_sets/paired_negative_heavy_1km/patch_44616_no_ignition_nan_20200515.npz,/mnt/work/wildfire/test_sets/paired_negative_heavy_25m/patch_44616_no_ignition_nan_20200515.npz,0.49842691,1,0.24073601,0,1,0,False,False,completed
patch_44617_no_ignition_nan_20200515.npz,/mnt/work/wildfire/test_sets/paired_negative_heavy_1km/patch_44617_no_ignition_nan_20200515.npz,,0.00000000,0,,,1,0,False,,blocked_by_model_b
patch_44618_no_ignition_nan_20200515.npz,/mnt/work/wildfire/test_sets/paired_negative_heavy_1km/patch_44618_no_ignition_nan_20200515.npz,/mnt/work/wildfire/test_sets/paired_negative_heavy_25m/patch_44618_no_ignition_nan_20200515.npz,0.22412297,1,0.46798620,0,1,0,False,False,completed
patch_44619_no_ignition_nan_20200515.npz,/mnt/work/wildfire/test_sets/paired_negative_heavy_1km/patch_44619_no_ignition_nan_20200515.npz,,0.00002952,0,,,1,0,False,,blocked_by_model_b
patch_44620_no_ignition_nan_20200515.npz,/mnt/work/wildfire/test_sets/paired_negative_heavy_1km/patch_44620_no_ignition_nan_20200515.npz,,0.00000032,0,,,1,0,False,,blocked_by_model_b
patch_44621_no_ignition_nan_20200515.npz,/mnt/work/wildfire/test_sets/paired_negative_heavy_1km/patch_44621_no_ignition_nan_20200515.npz,,0.00000000,0,,,1,0,False,,blocked_by_model_b
patch_44622_no_ignition_nan_20200515.npz,/mnt/work/wildfire/test_sets/paired_negative_heavy_1km/patch_44622_no_ignition_nan_20200515.npz,,0.00018188,0,,,1,0,False,,blocked_by_model_b
patch_44623_no_ignition_nan_20200515.npz,/mnt/work/wildfire/test_sets/paired_negative_heavy_1km/patch_44623_no_ignition_nan_20200515.npz,,0.00000000,0,,,1,0,False,,blocked_by_model_b
patch_44624_no_ignition_nan_20200515.npz,/mnt/work/wildfire/test_sets/paired_negative_heavy_1km/patch_44624_no_ignition_nan_20200515.npz,,0.11247661,0,,,1,0,False,,blocked_by_model_b
patch_44625_no_ignition_nan_20200515.npz,/mnt/work/wildfire/test_sets/paired_negative_heavy_1km/patch_44625_no_ignition_nan_20200515.npz,,0.00000002,0,,,1,0,False,,blocked_by_model_b
patch_44626_no_ignition_nan_20200515.npz,/mnt/work/wildfire/test_sets/paired_negative_heavy_1km/patch_44626_no_ignition_nan_20200515.npz,,0.00000000,0,,,1,0,False,,blocked_by_model_b
patch_44627_no_ignition_nan_20200515.npz,/mnt/work/wildfire/test_sets/paired_negative_heavy_1km/patch_44627_no_ignition_nan_20200515.npz,,0.00000000,0,,,1,0,False,,blocked_by_model_b
patch_44628_no_ignition_nan_20200515.npz,/mnt/work/wildfire/test_sets/paired_negative_heavy_1km/patch_44628_no_ignition_nan_20200515.npz,,0.00000000,0,,,1,0,False,,blocked_by_model_b
patch_44629_no_ignition_nan_20200515.npz,/mnt/work/wildfire/test_sets/paired_negative_heavy_1km/patch_44629_no_ignition_nan_20200515.npz,,0.00023725,0,,,1,0,False,,blocked_by_model_b
patch_44630_no_ignition_nan_20200515.npz,/mnt/work/wildfire/test_sets/paired_negative_heavy_1km/patch_44630_no_ignition_nan_20200515.npz,,0.00000002,0,,,1,0,False,,blocked_by_model_b
patch_44631_no_ignition_nan_20200515.npz,/mnt/work/wildfire/test_sets/paired_negative_heavy_1km/patch_44631_no_ignition_nan_20200515.npz,,0.00000000,0,,,1,0,False,,blocked_by_model_b
patch_44632_no_ignition_nan_20200515.npz,/mnt/work/wildfire/test_sets/paired_negative_heavy_1km/patch_44632_no_ignition_nan_20200515.npz,,0.00017361,0,,,1,0,False,,blocked_by_model_b
patch_44633_no_ignition_nan_20200515.npz,/mnt/work/wildfire/test_sets/paired_negative_heavy_1km/patch_44633_no_ignition_nan_20200515.npz,,0.00000000,0,,,1,0,False,,blocked_by_model_b
patch_44634_no_ignition_nan_20200515.npz,/mnt/work/wildfire/test_sets/paired_negative_heavy_1km/patch_44634_no_ignition_nan_20200515.npz,,0.00000013,0,,,1,0,False,,blocked_by_model_b
patch_44635_no_ignition_nan_20200515.npz,/mnt/work/wildfire/test_sets/paired_negative_heavy_1km/patch_44635_no_ignition_nan_20200515.npz,,0.00003055,0,,,1,0,False,,blocked_by_model_b
patch_44636_no_ignition_nan_20200515.npz,/mnt/work/wildfire/test_sets/paired_negative_heavy_1km/patch_44636_no_ignition_nan_20200515.npz,,0.00000000,0,,,1,0,False,,blocked_by_model_b
patch_44637_no_ignition_nan_20200515.npz,/mnt/work/wildfire/test_sets/paired_negative_heavy_1km/patch_44637_no_ignition_nan_20200515.npz,,0.00000000,0,,,1,0,False,,blocked_by_model_b
patch_44638_no_ignition_nan_20200515.npz,/mnt/work/wildfire/test_sets/paired_negative_heavy_1km/patch_44638_no_ignition_nan_20200515.npz,,0.00000000,0,,,1,0,False,,blocked_by_model_b
patch_44639_no_ignition_nan_20200515.npz,/mnt/work/wildfire/test_sets/paired_negative_heavy_1km/patch_44639_no_ignition_nan_20200515.npz,,0.00000013,0,,,1,0,False,,blocked_by_model_b
patch_44640_no_ignition_nan_20200515.npz,/mnt/work/wildfire/test_sets/paired_negative_heavy_1km/patch_44640_no_ignition_nan_20200515.npz,,0.04202905,0,,,1,0,False,,blocked_by_model_b
patch_44641_no_ignition_nan_20200515.npz,/mnt/work/wildfire/test_sets/paired_negative_heavy_1km/patch_44641_no_ignition_nan_20200515.npz,,0.00000000,0,,,1,0,False,,blocked_by_model_b
patch_44642_no_ignition_nan_20200515.npz,/mnt/work/wildfire/test_sets/paired_negative_heavy_1km/patch_44642_no_ignition_nan_20200515.npz,,0.00000000,0,,,1,0,False,,blocked_by_model_b
patch_44643_no_ignition_nan_20200515.npz,/mnt/work/wildfire/test_sets/paired_negative_heavy_1km/patch_44643_no_ignition_nan_20200515.npz,,0.00000000,0,,,1,0,False,,blocked_by_model_b
patch_44644_no_ignition_nan_20200515.npz,/mnt/work/wildfire/test_sets/paired_negative_heavy_1km/patch_44644_no_ignition_nan_20200515.npz,,0.00000002,0,,,1,0,False,,blocked_by_model_b
patch_44645_no_ignition_nan_20200515.npz,/mnt/work/wildfire/test_sets/paired_negative_heavy_1km/patch_44645_no_ignition_nan_20200515.npz,,0.00149934,0,,,1,0,False,,blocked_by_model_b
patch_44646_no_ignition_nan_20200515.npz,/mnt/work/wildfire/test_sets/paired_negative_heavy_1km/patch_44646_no_ignition_nan_20200515.npz,,0.00000000,0,,,1,0,False,,blocked_by_model_b
patch_44647_no_ignition_nan_20200515.npz,/mnt/work/wildfire/test_sets/paired_negative_heavy_1km/patch_44647_no_ignition_nan_20200515.npz,,0.00000000,0,,,1,0,False,,blocked_by_model_b
patch_44648_no_ignition_nan_20200515.npz,/mnt/work/wildfire/test_sets/paired_negative_heavy_1km/patch_44648_no_ignition_nan_20200515.npz,,0.00000001,0,,,1,0,False,,blocked_by_model_b
patch_44649_no_ignition_nan_20200515.npz,/mnt/work/wildfire/test_sets/paired_negative_heavy_1km/patch_44649_no_ignition_nan_20200515.npz,,0.00000021,0,,,1,0,False,,blocked_by_model_b
patch_44650_no_ignition_nan_20200515.npz,/mnt/work/wildfire/test_sets/paired_negative_heavy_1km/patch_44650_no_ignition_nan_20200515.npz,,0.00000001,0,,,1,0,False,,blocked_by_model_b
patch_44651_no_ignition_nan_20200515.npz,/mnt/work/wildfire/test_sets/paired_negative_heavy_1km/patch_44651_no_ignition_nan_20200515.npz,,0.00000000,0,,,1,0,False,,blocked_by_model_b
patch_44652_no_ignition_nan_20200515.npz,/mnt/work/wildfire/test_sets/paired_negative_heavy_1km/patch_44652_no_ignition_nan_20200515.npz,,0.00000000,0,,,1,0,False,,blocked_by_model_b
patch_44653_no_ignition_nan_20200515.npz,/mnt/work/wildfire/test_sets/paired_negative_heavy_1km/patch_44653_no_ignition_nan_20200515.npz,,0.00033215,0,,,1,0,False,,blocked_by_model_b
patch_44654_no_ignition_nan_20200515.npz,/mnt/work/wildfire/test_sets/paired_negative_heavy_1km/patch_44654_no_ignition_nan_20200515.npz,,0.00000000,0,,,1,0,False,,blocked_by_model_b
patch_44655_no_ignition_nan_20200515.npz,/mnt/work/wildfire/test_sets/paired_negative_heavy_1km/patch_44655_no_ignition_nan_20200515.npz,,0.00000003,0,,,1,0,False,,blocked_by_model_b
patch_44656_no_ignition_nan_20200515.npz,/mnt/work/wildfire/test_sets/paired_negative_heavy_1km/patch_44656_no_ignition_nan_20200515.npz,,0.00000106,0,,,1,0,False,,blocked_by_model_b
patch_44657_no_ignition_nan_20200515.npz,/mnt/work/wildfire/test_sets/paired_negative_heavy_1km/patch_44657_no_ignition_nan_20200515.npz,,0.00000155,0,,,1,0,False,,blocked_by_model_b
patch_44658_no_ignition_nan_20200515.npz,/mnt/work/wildfire/test_sets/paired_negative_heavy_1km/patch_44658_no_ignition_nan_20200515.npz,,0.00115812,0,,,1,0,False,,blocked_by_model_b
patch_44659_no_ignition_nan_20200515.npz,/mnt/work/wildfire/test_sets/paired_negative_heavy_1km/patch_44659_no_ignition_nan_20200515.npz,,0.00000000,0,,,1,0,False,,blocked_by_model_b
patch_44660_no_ignition_nan_20200515.npz,/mnt/work/wildfire/test_sets/paired_negative_heavy_1km/patch_44660_no_ignition_nan_20200515.npz,,0.06597444,0,,,1,0,False,,blocked_by_model_b
patch_44661_no_ignition_nan_20200515.npz,/mnt/work/wildfire/test_sets/paired_negative_heavy_1km/patch_44661_no_ignition_nan_20200515.npz,,0.00000000,0,,,1,0,False,,blocked_by_model_b
patch_44662_no_ignition_nan_20200515.npz,/mnt/work/wildfire/test_sets/paired_negative_heavy_1km/patch_44662_no_ignition_nan_20200515.npz,/mnt/work/wildfire/test_sets/paired_negative_heavy_25m/patch_44662_no_ignition_nan_20200515.npz,0.71913081,1,0.88437396,1,1,1,False,False,completed
patch_44663_no_ignition_nan_20200515.npz,/mnt/work/wildfire/test_sets/paired_negative_heavy_1km/patch_44663_no_ignition_nan_20200515.npz,,0.00014316,0,,,1,0,False,,blocked_by_model_b
patch_44664_no_ignition_nan_20200515.npz,/mnt/work/wildfire/test_sets/paired_negative_heavy_1km/patch_44664_no_ignition_nan_20200515.npz,,0.07308620,0,,,1,0,False,,blocked_by_model_b
patch_44665_no_ignition_nan_20200515.npz,/mnt/work/wildfire/test_sets/paired_negative_heavy_1km/patch_44665_no_ignition_nan_20200515.npz,,0.00000000,0,,,1,0,False,,blocked_by_model_b
patch_44666_no_ignition_nan_20200515.npz,/mnt/work/wildfire/test_sets/paired_negative_heavy_1km/patch_44666_no_ignition_nan_20200515.npz,,0.00000000,0,,,1,0,False,,blocked_by_model_b
patch_44667_no_ignition_nan_20200515.npz,/mnt/work/wildfire/test_sets/paired_negative_heavy_1km/patch_44667_no_ignition_nan_20200515.npz,,0.00000000,0,,,1,0,False,,blocked_by_model_b
patch_44668_no_ignition_nan_20200515.npz,/mnt/work/wildfire/test_sets/paired_negative_heavy_1km/patch_44668_no_ignition_nan_20200515.npz,,0.00000000,0,,,1,0,False,,blocked_by_model_b
patch_44669_no_ignition_nan_20200515.npz,/mnt/work/wildfire/test_sets/paired_negative_heavy_1km/patch_44669_no_ignition_nan_20200515.npz,,0.00590016,0,,,1,0,False,,blocked_by_model_b
patch_44670_no_ignition_nan_20200515.npz,/mnt/work/wildfire/test_sets/paired_negative_heavy_1km/patch_44670_no_ignition_nan_20200515.npz,,0.00000000,0,,,1,0,False,,blocked_by_model_b
patch_44671_no_ignition_nan_20200515.npz,/mnt/work/wildfire/test_sets/paired_negative_heavy_1km/patch_44671_no_ignition_nan_20200515.npz,,0.09144539,0,,,1,0,False,,blocked_by_model_b
patch_44672_no_ignition_nan_20200515.npz,/mnt/work/wildfire/test_sets/paired_negative_heavy_1km/patch_44672_no_ignition_nan_20200515.npz,,0.01678536,0,,,1,0,False,,blocked_by_model_b
patch_44673_no_ignition_nan_20200515.npz,/mnt/work/wildfire/test_sets/paired_negative_heavy_1km/patch_44673_no_ignition_nan_20200515.npz,,0.19183230,0,,,1,0,False,,blocked_by_model_b
patch_44674_no_ignition_nan_20200515.npz,/mnt/work/wildfire/test_sets/paired_negative_heavy_1km/patch_44674_no_ignition_nan_20200515.npz,,0.00000000,0,,,1,0,False,,blocked_by_model_b
patch_44675_no_ignition_nan_20200515.npz,/mnt/work/wildfire/test_sets/paired_negative_heavy_1km/patch_44675_no_ignition_nan_20200515.npz,,0.00494166,0,,,1,0,False,,blocked_by_model_b
patch_44676_no_ignition_nan_20200515.npz,/mnt/work/wildfire/test_sets/paired_negative_heavy_1km/patch_44676_no_ignition_nan_20200515.npz,,0.00000349,0,,,1,0,False,,blocked_by_model_b
patch_44677_no_ignition_nan_20200515.npz,/mnt/work/wildfire/test_sets/paired_negative_heavy_1km/patch_44677_no_ignition_nan_20200515.npz,,0.00028769,0,,,1,0,False,,blocked_by_model_b
patch_44678_no_ignition_nan_20200515.npz,/mnt/work/wildfire/test_sets/paired_negative_heavy_1km/patch_44678_no_ignition_nan_20200515.npz,,0.00000003,0,,,1,0,False,,blocked_by_model_b
patch_44679_no_ignition_nan_20200515.npz,/mnt/work/wildfire/test_sets/paired_negative_heavy_1km/patch_44679_no_ignition_nan_20200515.npz,,0.16379496,0,,,1,0,False,,blocked_by_model_b
patch_44680_no_ignition_nan_20200515.npz,/mnt/work/wildfire/test_sets/paired_negative_heavy_1km/patch_44680_no_ignition_nan_20200515.npz,,0.00616871,0,,,1,0,False,,blocked_by_model_b
patch_44681_no_ignition_nan_20200515.npz,/mnt/work/wildfire/test_sets/paired_negative_heavy_1km/patch_44681_no_ignition_nan_20200515.npz,,0.00069331,0,,,1,0,False,,blocked_by_model_b
patch_44682_no_ignition_nan_20200515.npz,/mnt/work/wildfire/test_sets/paired_negative_heavy_1km/patch_44682_no_ignition_nan_20200515.npz,,0.00001758,0,,,1,0,False,,blocked_by_model_b
patch_44683_no_ignition_nan_20200515.npz,/mnt/work/wildfire/test_sets/paired_negative_heavy_1km/patch_44683_no_ignition_nan_20200515.npz,,0.00000000,0,,,1,0,False,,blocked_by_model_b
patch_44684_no_ignition_nan_20200515.npz,/mnt/work/wildfire/test_sets/paired_negative_heavy_1km/patch_44684_no_ignition_nan_20200515.npz,,0.00000000,0,,,1,0,False,,blocked_by_model_b
patch_44685_no_ignition_nan_20200515.npz,/mnt/work/wildfire/test_sets/paired_negative_heavy_1km/patch_44685_no_ignition_nan_20200515.npz,,0.12614949,0,,,1,0,False,,blocked_by_model_b
patch_44686_no_ignition_nan_20200515.npz,/mnt/work/wildfire/test_sets/paired_negative_heavy_1km/patch_44686_no_ignition_nan_20200515.npz,,0.00007974,0,,,1,0,False,,blocked_by_model_b
patch_44687_no_ignition_nan_20200515.npz,/mnt/work/wildfire/test_sets/paired_negative_heavy_1km/patch_44687_no_ignition_nan_20200515.npz,,0.00045263,0,,,1,0,False,,blocked_by_model_b
patch_44688_no_ignition_nan_20200515.npz,/mnt/work/wildfire/test_sets/paired_negative_heavy_1km/patch_44688_no_ignition_nan_20200515.npz,,0.00000000,0,,,1,0,False,,blocked_by_model_b
patch_44689_no_ignition_nan_20200515.npz,/mnt/work/wildfire/test_sets/paired_negative_heavy_1km/patch_44689_no_ignition_nan_20200515.npz,,0.00000000,0,,,1,0,False,,blocked_by_model_b
patch_44690_no_ignition_nan_20200515.npz,/mnt/work/wildfire/test_sets/paired_negative_heavy_1km/patch_44690_no_ignition_nan_20200515.npz,,0.00000000,0,,,1,0,False,,blocked_by_model_b
patch_44691_no_ignition_nan_20200515.npz,/mnt/work/wildfire/test_sets/paired_negative_heavy_1km/patch_44691_no_ignition_nan_20200515.npz,,0.00102902,0,,,1,0,False,,blocked_by_model_b
patch_44692_no_ignition_nan_20200515.npz,/mnt/work/wildfire/test_sets/paired_negative_heavy_1km/patch_44692_no_ignition_nan_20200515.npz,,0.00083218,0,,,1,0,False,,blocked_by_model_b
patch_44693_no_ignition_nan_20200515.npz,/mnt/work/wildfire/test_sets/paired_negative_heavy_1km/patch_44693_no_ignition_nan_20200515.npz,,0.00046906,0,,,1,0,False,,blocked_by_model_b
patch_44694_no_ignition_nan_20200515.npz,/mnt/work/wildfire/test_sets/paired_negative_heavy_1km/patch_44694_no_ignition_nan_20200515.npz,,0.00680834,0,,,1,0,False,,blocked_by_model_b
patch_44695_no_ignition_nan_20200515.npz,/mnt/work/wildfire/test_sets/paired_negative_heavy_1km/patch_44695_no_ignition_nan_20200515.npz,,0.00043433,0,,,1,0,False,,blocked_by_model_b
patch_44696_no_ignition_nan_20200515.npz,/mnt/work/wildfire/test_sets/paired_negative_heavy_1km/patch_44696_no_ignition_nan_20200515.npz,,0.00000000,0,,,1,0,False,,blocked_by_model_b
patch_44697_no_ignition_nan_20200515.npz,/mnt/work/wildfire/test_sets/paired_negative_heavy_1km/patch_44697_no_ignition_nan_20200515.npz,,0.00000000,0,,,1,0,False,,blocked_by_model_b
patch_44698_no_ignition_nan_20200515.npz,/mnt/work/wildfire/test_sets/paired_negative_heavy_1km/patch_44698_no_ignition_nan_20200515.npz,,0.00004918,0,,,1,0,False,,blocked_by_model_b
patch_44699_no_ignition_nan_20200515.npz,/mnt/work/wildfire/test_sets/paired_negative_heavy_1km/patch_44699_no_ignition_nan_20200515.npz,,0.00175169,0,,,1,0,False,,blocked_by_model_b
patch_44700_no_ignition_nan_20200515.npz,/mnt/work/wildfire/test_sets/paired_negative_heavy_1km/patch_44700_no_ignition_nan_20200515.npz,,0.06832057,0,,,1,0,False,,blocked_by_model_b
patch_44701_no_ignition_nan_20200515.npz,/mnt/work/wildfire/test_sets/paired_negative_heavy_1km/patch_44701_no_ignition_nan_20200515.npz,,0.00000004,0,,,1,0,False,,blocked_by_model_b
patch_44702_no_ignition_nan_20200515.npz,/mnt/work/wildfire/test_sets/paired_negative_heavy_1km/patch_44702_no_ignition_nan_20200515.npz,/mnt/work/wildfire/test_sets/paired_negative_heavy_25m/patch_44702_no_ignition_nan_20200515.npz,0.48829517,1,0.48576275,0,1,0,False,False,completed
patch_44703_no_ignition_nan_20200515.npz,/mnt/work/wildfire/test_sets/paired_negative_heavy_1km/patch_44703_no_ignition_nan_20200515.npz,,0.00000000,0,,,1,0,False,,blocked_by_model_b
patch_44704_no_ignition_nan_20200515.npz,/mnt/work/wildfire/test_sets/paired_negative_heavy_1km/patch_44704_no_ignition_nan_20200515.npz,,0.00002341,0,,,1,0,False,,blocked_by_model_b
patch_44705_no_ignition_nan_20200515.npz,/mnt/work/wildfire/test_sets/paired_negative_heavy_1km/patch_44705_no_ignition_nan_20200515.npz,,0.00000001,0,,,1,0,False,,blocked_by_model_b
patch_44706_no_ignition_nan_20200515.npz,/mnt/work/wildfire/test_sets/paired_negative_heavy_1km/patch_44706_no_ignition_nan_20200515.npz,,0.03430819,0,,,1,0,False,,blocked_by_model_b
patch_44707_no_ignition_nan_20200515.npz,/mnt/work/wildfire/test_sets/paired_negative_heavy_1km/patch_44707_no_ignition_nan_20200515.npz,,0.00000000,0,,,1,0,False,,blocked_by_model_b
patch_44708_no_ignition_nan_20200515.npz,/mnt/work/wildfire/test_sets/paired_negative_heavy_1km/patch_44708_no_ignition_nan_20200515.npz,,0.00878314,0,,,1,0,False,,blocked_by_model_b
patch_44709_no_ignition_nan_20200515.npz,/mnt/work/wildfire/test_sets/paired_negative_heavy_1km/patch_44709_no_ignition_nan_20200515.npz,,0.00476449,0,,,1,0,False,,blocked_by_model_b
patch_44710_no_ignition_nan_20200515.npz,/mnt/work/wildfire/test_sets/paired_negative_heavy_1km/patch_44710_no_ignition_nan_20200515.npz,,0.05107242,0,,,1,0,False,,blocked_by_model_b
patch_44711_no_ignition_nan_20200515.npz,/mnt/work/wildfire/test_sets/paired_negative_heavy_1km/patch_44711_no_ignition_nan_20200515.npz,,0.00000045,0,,,1,0,False,,blocked_by_model_b
patch_44712_no_ignition_nan_20200515.npz,/mnt/work/wildfire/test_sets/paired_negative_heavy_1km/patch_44712_no_ignition_nan_20200515.npz,,0.00185962,0,,,1,0,False,,blocked_by_model_b
patch_44713_no_ignition_nan_20200515.npz,/mnt/work/wildfire/test_sets/paired_negative_heavy_1km/patch_44713_no_ignition_nan_20200515.npz,,0.00000000,0,,,1,0,False,,blocked_by_model_b
patch_44714_no_ignition_nan_20200515.npz,/mnt/work/wildfire/test_sets/paired_negative_heavy_1km/patch_44714_no_ignition_nan_20200515.npz,,0.00000000,0,,,1,0,False,,blocked_by_model_b
patch_44715_no_ignition_nan_20200615.npz,/mnt/work/wildfire/test_sets/paired_negative_heavy_1km/patch_44715_no_ignition_nan_20200615.npz,,0.00000000,0,,,1,0,False,,blocked_by_model_b
patch_44716_no_ignition_nan_20200615.npz,/mnt/work/wildfire/test_sets/paired_negative_heavy_1km/patch_44716_no_ignition_nan_20200615.npz,,0.00000000,0,,,1,0,False,,blocked_by_model_b
patch_44717_no_ignition_nan_20200615.npz,/mnt/work/wildfire/test_sets/paired_negative_heavy_1km/patch_44717_no_ignition_nan_20200615.npz,,0.03544554,0,,,1,0,False,,blocked_by_model_b
patch_44718_no_ignition_nan_20200615.npz,/mnt/work/wildfire/test_sets/paired_negative_heavy_1km/patch_44718_no_ignition_nan_20200615.npz,,0.00000000,0,,,1,0,False,,blocked_by_model_b
patch_44719_no_ignition_nan_20200615.npz,/mnt/work/wildfire/test_sets/paired_negative_heavy_1km/patch_44719_no_ignition_nan_20200615.npz,/mnt/work/wildfire/test_sets/paired_negative_heavy_25m/patch_44719_no_ignition_nan_20200615.npz,0.45533532,1,0.67601097,1,1,1,False,False,completed
patch_44720_no_ignition_nan_20200615.npz,/mnt/work/wildfire/test_sets/paired_negative_heavy_1km/patch_44720_no_ignition_nan_20200615.npz,,0.00000000,0,,,1,0,False,,blocked_by_model_b
patch_44721_no_ignition_nan_20200615.npz,/mnt/work/wildfire/test_sets/paired_negative_heavy_1km/patch_44721_no_ignition_nan_20200615.npz,,0.00000001,0,,,1,0,False,,blocked_by_model_b
patch_44722_no_ignition_nan_20200615.npz,/mnt/work/wildfire/test_sets/paired_negative_heavy_1km/patch_44722_no_ignition_nan_20200615.npz,,0.00000000,0,,,1,0,False,,blocked_by_model_b
patch_44723_no_ignition_nan_20200615.npz,/mnt/work/wildfire/test_sets/paired_negative_heavy_1km/patch_44723_no_ignition_nan_20200615.npz,,0.00000002,0,,,1,0,False,,blocked_by_model_b
patch_44724_no_ignition_nan_20200615.npz,/mnt/work/wildfire/test_sets/paired_negative_heavy_1km/patch_44724_no_ignition_nan_20200615.npz,/mnt/work/wildfire/test_sets/paired_negative_heavy_25m/patch_44724_no_ignition_nan_20200615.npz,0.34902215,1,0.59999287,1,1,1,False,False,completed
patch_44725_no_ignition_nan_20200615.npz,/mnt/work/wildfire/test_sets/paired_negative_heavy_1km/patch_44725_no_ignition_nan_20200615.npz,/mnt/work/wildfire/test_sets/paired_negative_heavy_25m/patch_44725_no_ignition_nan_20200615.npz,0.32041490,1,0.55776483,1,1,1,False,False,completed
patch_44726_no_ignition_nan_20200615.npz,/mnt/work/wildfire/test_sets/paired_negative_heavy_1km/patch_44726_no_ignition_nan_20200615.npz,,0.00000000,0,,,1,0,False,,blocked_by_model_b
patch_44727_no_ignition_nan_20200615.npz,/mnt/work/wildfire/test_sets/paired_negative_heavy_1km/patch_44727_no_ignition_nan_20200615.npz,,0.00000001,0,,,1,0,False,,blocked_by_model_b
patch_44728_no_ignition_nan_20200615.npz,/mnt/work/wildfire/test_sets/paired_negative_heavy_1km/patch_44728_no_ignition_nan_20200615.npz,,0.06250325,0,,,1,0,False,,blocked_by_model_b
patch_44729_no_ignition_nan_20200615.npz,/mnt/work/wildfire/test_sets/paired_negative_heavy_1km/patch_44729_no_ignition_nan_20200615.npz,,0.00000003,0,,,1,0,False,,blocked_by_model_b
patch_44730_no_ignition_nan_20200615.npz,/mnt/work/wildfire/test_sets/paired_negative_heavy_1km/patch_44730_no_ignition_nan_20200615.npz,,0.00000007,0,,,1,0,False,,blocked_by_model_b
patch_44731_no_ignition_nan_20200615.npz,/mnt/work/wildfire/test_sets/paired_negative_heavy_1km/patch_44731_no_ignition_nan_20200615.npz,/mnt/work/wildfire/test_sets/paired_negative_heavy_25m/patch_44731_no_ignition_nan_20200615.npz,0.44501373,1,0.56638598,1,1,1,False,False,completed
patch_44732_no_ignition_nan_20200615.npz,/mnt/work/wildfire/test_sets/paired_negative_heavy_1km/patch_44732_no_ignition_nan_20200615.npz,,0.00047864,0,,,1,0,False,,blocked_by_model_b
patch_44733_no_ignition_nan_20200615.npz,/mnt/work/wildfire/test_sets/paired_negative_heavy_1km/patch_44733_no_ignition_nan_20200615.npz,,0.00000000,0,,,1,0,False,,blocked_by_model_b
patch_44734_no_ignition_nan_20200615.npz,/mnt/work/wildfire/test_sets/paired_negative_heavy_1km/patch_44734_no_ignition_nan_20200615.npz,,0.00000002,0,,,1,0,False,,blocked_by_model_b
patch_44735_no_ignition_nan_20200615.npz,/mnt/work/wildfire/test_sets/paired_negative_heavy_1km/patch_44735_no_ignition_nan_20200615.npz,,0.00000000,0,,,1,0,False,,blocked_by_model_b
patch_44736_no_ignition_nan_20200615.npz,/mnt/work/wildfire/test_sets/paired_negative_heavy_1km/patch_44736_no_ignition_nan_20200615.npz,,0.00000001,0,,,1,0,False,,blocked_by_model_b
patch_44737_no_ignition_nan_20200615.npz,/mnt/work/wildfire/test_sets/paired_negative_heavy_1km/patch_44737_no_ignition_nan_20200615.npz,/mnt/work/wildfire/test_sets/paired_negative_heavy_25m/patch_44737_no_ignition_nan_20200615.npz,0.26991618,1,0.55215251,1,1,1,False,False,completed
patch_44738_no_ignition_nan_20200615.npz,/mnt/work/wildfire/test_sets/paired_negative_heavy_1km/patch_44738_no_ignition_nan_20200615.npz,,0.00000190,0,,,1,0,False,,blocked_by_model_b
patch_44739_no_ignition_nan_20200615.npz,/mnt/work/wildfire/test_sets/paired_negative_heavy_1km/patch_44739_no_ignition_nan_20200615.npz,,0.03661216,0,,,1,0,False,,blocked_by_model_b
patch_44740_no_ignition_nan_20200615.npz,/mnt/work/wildfire/test_sets/paired_negative_heavy_1km/patch_44740_no_ignition_nan_20200615.npz,,0.00649274,0,,,1,0,False,,blocked_by_model_b
patch_44741_no_ignition_nan_20200615.npz,/mnt/work/wildfire/test_sets/paired_negative_heavy_1km/patch_44741_no_ignition_nan_20200615.npz,,0.00000001,0,,,1,0,False,,blocked_by_model_b
patch_44742_no_ignition_nan_20200615.npz,/mnt/work/wildfire/test_sets/paired_negative_heavy_1km/patch_44742_no_ignition_nan_20200615.npz,,0.10877202,0,,,1,0,False,,blocked_by_model_b
patch_44743_no_ignition_nan_20200615.npz,/mnt/work/wildfire/test_sets/paired_negative_heavy_1km/patch_44743_no_ignition_nan_20200615.npz,/mnt/work/wildfire/test_sets/paired_negative_heavy_25m/patch_44743_no_ignition_nan_20200615.npz,0.79930985,1,0.68203068,1,1,1,False,False,completed
patch_44744_no_ignition_nan_20200615.npz,/mnt/work/wildfire/test_sets/paired_negative_heavy_1km/patch_44744_no_ignition_nan_20200615.npz,,0.11172498,0,,,1,0,False,,blocked_by_model_b
patch_44745_no_ignition_nan_20200615.npz,/mnt/work/wildfire/test_sets/paired_negative_heavy_1km/patch_44745_no_ignition_nan_20200615.npz,,0.00000000,0,,,1,0,False,,blocked_by_model_b
patch_44746_no_ignition_nan_20200615.npz,/mnt/work/wildfire/test_sets/paired_negative_heavy_1km/patch_44746_no_ignition_nan_20200615.npz,,0.00189869,0,,,1,0,False,,blocked_by_model_b
patch_44747_no_ignition_nan_20200615.npz,/mnt/work/wildfire/test_sets/paired_negative_heavy_1km/patch_44747_no_ignition_nan_20200615.npz,,0.00398553,0,,,1,0,False,,blocked_by_model_b
patch_44748_no_ignition_nan_20200615.npz,/mnt/work/wildfire/test_sets/paired_negative_heavy_1km/patch_44748_no_ignition_nan_20200615.npz,,0.00004892,0,,,1,0,False,,blocked_by_model_b
patch_44749_no_ignition_nan_20200615.npz,/mnt/work/wildfire/test_sets/paired_negative_heavy_1km/patch_44749_no_ignition_nan_20200615.npz,,0.14404847,0,,,1,0,False,,blocked_by_model_b
patch_44750_no_ignition_nan_20200615.npz,/mnt/work/wildfire/test_sets/paired_negative_heavy_1km/patch_44750_no_ignition_nan_20200615.npz,,0.00000000,0,,,1,0,False,,blocked_by_model_b
patch_44751_no_ignition_nan_20200615.npz,/mnt/work/wildfire/test_sets/paired_negative_heavy_1km/patch_44751_no_ignition_nan_20200615.npz,,0.00000003,0,,,1,0,False,,blocked_by_model_b
patch_44752_no_ignition_nan_20200615.npz,/mnt/work/wildfire/test_sets/paired_negative_heavy_1km/patch_44752_no_ignition_nan_20200615.npz,,0.00000000,0,,,1,0,False,,blocked_by_model_b
patch_44753_no_ignition_nan_20200615.npz,/mnt/work/wildfire/test_sets/paired_negative_heavy_1km/patch_44753_no_ignition_nan_20200615.npz,,0.01750100,0,,,1,0,False,,blocked_by_model_b
patch_44754_no_ignition_nan_20200615.npz,/mnt/work/wildfire/test_sets/paired_negative_heavy_1km/patch_44754_no_ignition_nan_20200615.npz,,0.01285499,0,,,1,0,False,,blocked_by_model_b
patch_44755_no_ignition_nan_20200615.npz,/mnt/work/wildfire/test_sets/paired_negative_heavy_1km/patch_44755_no_ignition_nan_20200615.npz,,0.00000001,0,,,1,0,False,,blocked_by_model_b
patch_44756_no_ignition_nan_20200615.npz,/mnt/work/wildfire/test_sets/paired_negative_heavy_1km/patch_44756_no_ignition_nan_20200615.npz,/mnt/work/wildfire/test_sets/paired_negative_heavy_25m/patch_44756_no_ignition_nan_20200615.npz,0.93692309,1,0.49395451,0,1,0,False,False,completed
patch_44757_no_ignition_nan_20200615.npz,/mnt/work/wildfire/test_sets/paired_negative_heavy_1km/patch_44757_no_ignition_nan_20200615.npz,/mnt/work/wildfire/test_sets/paired_negative_heavy_25m/patch_44757_no_ignition_nan_20200615.npz,0.92645806,1,0.41910458,0,1,0,False,False,completed
patch_44758_no_ignition_nan_20200615.npz,/mnt/work/wildfire/test_sets/paired_negative_heavy_1km/patch_44758_no_ignition_nan_20200615.npz,,0.00000000,0,,,1,0,False,,blocked_by_model_b
patch_44759_no_ignition_nan_20200615.npz,/mnt/work/wildfire/test_sets/paired_negative_heavy_1km/patch_44759_no_ignition_nan_20200615.npz,,0.00000001,0,,,1,0,False,,blocked_by_model_b
patch_44760_no_ignition_nan_20200615.npz,/mnt/work/wildfire/test_sets/paired_negative_heavy_1km/patch_44760_no_ignition_nan_20200615.npz,,0.01006834,0,,,1,0,False,,blocked_by_model_b
patch_44761_no_ignition_nan_20200615.npz,/mnt/work/wildfire/test_sets/paired_negative_heavy_1km/patch_44761_no_ignition_nan_20200615.npz,,0.00000001,0,,,1,0,False,,blocked_by_model_b
patch_44762_no_ignition_nan_20200615.npz,/mnt/work/wildfire/test_sets/paired_negative_heavy_1km/patch_44762_no_ignition_nan_20200615.npz,,0.00001842,0,,,1,0,False,,blocked_by_model_b
patch_44763_no_ignition_nan_20200615.npz,/mnt/work/wildfire/test_sets/paired_negative_heavy_1km/patch_44763_no_ignition_nan_20200615.npz,,0.00000000,0,,,1,0,False,,blocked_by_model_b
patch_44764_no_ignition_nan_20200615.npz,/mnt/work/wildfire/test_sets/paired_negative_heavy_1km/patch_44764_no_ignition_nan_20200615.npz,,0.00000001,0,,,1,0,False,,blocked_by_model_b
patch_44765_no_ignition_nan_20200615.npz,/mnt/work/wildfire/test_sets/paired_negative_heavy_1km/patch_44765_no_ignition_nan_20200615.npz,,0.00000003,0,,,1,0,False,,blocked_by_model_b
patch_44766_no_ignition_nan_20200615.npz,/mnt/work/wildfire/test_sets/paired_negative_heavy_1km/patch_44766_no_ignition_nan_20200615.npz,,0.00000942,0,,,1,0,False,,blocked_by_model_b
patch_44767_no_ignition_nan_20200615.npz,/mnt/work/wildfire/test_sets/paired_negative_heavy_1km/patch_44767_no_ignition_nan_20200615.npz,,0.00000008,0,,,1,0,False,,blocked_by_model_b
patch_44768_no_ignition_nan_20200615.npz,/mnt/work/wildfire/test_sets/paired_negative_heavy_1km/patch_44768_no_ignition_nan_20200615.npz,/mnt/work/wildfire/test_sets/paired_negative_heavy_25m/patch_44768_no_ignition_nan_20200615.npz,0.58223623,1,0.64692795,1,1,1,False,False,completed
patch_44769_no_ignition_nan_20200615.npz,/mnt/work/wildfire/test_sets/paired_negative_heavy_1km/patch_44769_no_ignition_nan_20200615.npz,/mnt/work/wildfire/test_sets/paired_negative_heavy_25m/patch_44769_no_ignition_nan_20200615.npz,0.27345407,1,0.59763157,1,1,1,False,False,completed
patch_44770_no_ignition_nan_20200615.npz,/mnt/work/wildfire/test_sets/paired_negative_heavy_1km/patch_44770_no_ignition_nan_20200615.npz,,0.00000000,0,,,1,0,False,,blocked_by_model_b
patch_44771_no_ignition_nan_20200615.npz,/mnt/work/wildfire/test_sets/paired_negative_heavy_1km/patch_44771_no_ignition_nan_20200615.npz,,0.00000000,0,,,1,0,False,,blocked_by_model_b
patch_44772_no_ignition_nan_20200615.npz,/mnt/work/wildfire/test_sets/paired_negative_heavy_1km/patch_44772_no_ignition_nan_20200615.npz,,0.00000000,0,,,1,0,False,,blocked_by_model_b
patch_44773_no_ignition_nan_20200615.npz,/mnt/work/wildfire/test_sets/paired_negative_heavy_1km/patch_44773_no_ignition_nan_20200615.npz,,0.00012148,0,,,1,0,False,,blocked_by_model_b
patch_44774_no_ignition_nan_20200615.npz,/mnt/work/wildfire/test_sets/paired_negative_heavy_1km/patch_44774_no_ignition_nan_20200615.npz,,0.00000000,0,,,1,0,False,,blocked_by_model_b
patch_44775_no_ignition_nan_20200615.npz,/mnt/work/wildfire/test_sets/paired_negative_heavy_1km/patch_44775_no_ignition_nan_20200615.npz,/mnt/work/wildfire/test_sets/paired_negative_heavy_25m/patch_44775_no_ignition_nan_20200615.npz,0.31341222,1,0.69056106,1,1,1,False,False,completed
patch_44776_no_ignition_nan_20200615.npz,/mnt/work/wildfire/test_sets/paired_negative_heavy_1km/patch_44776_no_ignition_nan_20200615.npz,,0.00000000,0,,,1,0,False,,blocked_by_model_b
patch_44777_no_ignition_nan_20200615.npz,/mnt/work/wildfire/test_sets/paired_negative_heavy_1km/patch_44777_no_ignition_nan_20200615.npz,,0.00517154,0,,,1,0,False,,blocked_by_model_b
patch_44778_no_ignition_nan_20200615.npz,/mnt/work/wildfire/test_sets/paired_negative_heavy_1km/patch_44778_no_ignition_nan_20200615.npz,,0.00470405,0,,,1,0,False,,blocked_by_model_b
patch_44779_no_ignition_nan_20200615.npz,/mnt/work/wildfire/test_sets/paired_negative_heavy_1km/patch_44779_no_ignition_nan_20200615.npz,,0.00005131,0,,,1,0,False,,blocked_by_model_b
patch_44780_no_ignition_nan_20200615.npz,/mnt/work/wildfire/test_sets/paired_negative_heavy_1km/patch_44780_no_ignition_nan_20200615.npz,,0.07592817,0,,,1,0,False,,blocked_by_model_b
patch_44781_no_ignition_nan_20200615.npz,/mnt/work/wildfire/test_sets/paired_negative_heavy_1km/patch_44781_no_ignition_nan_20200615.npz,,0.00398466,0,,,1,0,False,,blocked_by_model_b
patch_44782_no_ignition_nan_20200615.npz,/mnt/work/wildfire/test_sets/paired_negative_heavy_1km/patch_44782_no_ignition_nan_20200615.npz,,0.00000000,0,,,1,0,False,,blocked_by_model_b
patch_44783_no_ignition_nan_20200615.npz,/mnt/work/wildfire/test_sets/paired_negative_heavy_1km/patch_44783_no_ignition_nan_20200615.npz,,0.00131023,0,,,1,0,False,,blocked_by_model_b
patch_44784_no_ignition_nan_20200615.npz,/mnt/work/wildfire/test_sets/paired_negative_heavy_1km/patch_44784_no_ignition_nan_20200615.npz,,0.00000000,0,,,1,0,False,,blocked_by_model_b
patch_44785_no_ignition_nan_20200615.npz,/mnt/work/wildfire/test_sets/paired_negative_heavy_1km/patch_44785_no_ignition_nan_20200615.npz,,0.03018810,0,,,1,0,False,,blocked_by_model_b
patch_44786_no_ignition_nan_20200615.npz,/mnt/work/wildfire/test_sets/paired_negative_heavy_1km/patch_44786_no_ignition_nan_20200615.npz,/mnt/work/wildfire/test_sets/paired_negative_heavy_25m/patch_44786_no_ignition_nan_20200615.npz,0.33673590,1,0.67269593,1,1,1,False,False,completed
patch_44787_no_ignition_nan_20200615.npz,/mnt/work/wildfire/test_sets/paired_negative_heavy_1km/patch_44787_no_ignition_nan_20200615.npz,,0.00000000,0,,,1,0,False,,blocked_by_model_b
patch_44788_no_ignition_nan_20200615.npz,/mnt/work/wildfire/test_sets/paired_negative_heavy_1km/patch_44788_no_ignition_nan_20200615.npz,,0.00000003,0,,,1,0,False,,blocked_by_model_b
patch_44789_no_ignition_nan_20200615.npz,/mnt/work/wildfire/test_sets/paired_negative_heavy_1km/patch_44789_no_ignition_nan_20200615.npz,/mnt/work/wildfire/test_sets/paired_negative_heavy_25m/patch_44789_no_ignition_nan_20200615.npz,0.20459561,1,0.58209860,1,1,1,False,False,completed
patch_44790_no_ignition_nan_20200715.npz,/mnt/work/wildfire/test_sets/paired_negative_heavy_1km/patch_44790_no_ignition_nan_20200715.npz,,0.00000144,0,,,1,0,False,,blocked_by_model_b
patch_44791_no_ignition_nan_20200715.npz,/mnt/work/wildfire/test_sets/paired_negative_heavy_1km/patch_44791_no_ignition_nan_20200715.npz,,0.00001529,0,,,1,0,False,,blocked_by_model_b
patch_44792_no_ignition_nan_20200715.npz,/mnt/work/wildfire/test_sets/paired_negative_heavy_1km/patch_44792_no_ignition_nan_20200715.npz,,0.00019530,0,,,1,0,False,,blocked_by_model_b
patch_44793_no_ignition_nan_20200715.npz,/mnt/work/wildfire/test_sets/paired_negative_heavy_1km/patch_44793_no_ignition_nan_20200715.npz,,0.02323332,0,,,1,0,False,,blocked_by_model_b
patch_44794_no_ignition_nan_20200715.npz,/mnt/work/wildfire/test_sets/paired_negative_heavy_1km/patch_44794_no_ignition_nan_20200715.npz,,0.00000007,0,,,1,0,False,,blocked_by_model_b
patch_44795_no_ignition_nan_20200715.npz,/mnt/work/wildfire/test_sets/paired_negative_heavy_1km/patch_44795_no_ignition_nan_20200715.npz,,0.00000004,0,,,1,0,False,,blocked_by_model_b
patch_44796_no_ignition_nan_20200715.npz,/mnt/work/wildfire/test_sets/paired_negative_heavy_1km/patch_44796_no_ignition_nan_20200715.npz,,0.00000000,0,,,1,0,False,,blocked_by_model_b
patch_44797_no_ignition_nan_20200715.npz,/mnt/work/wildfire/test_sets/paired_negative_heavy_1km/patch_44797_no_ignition_nan_20200715.npz,/mnt/work/wildfire/test_sets/paired_negative_heavy_25m/patch_44797_no_ignition_nan_20200715.npz,0.35478052,1,0.64284211,1,1,1,False,False,completed
patch_44798_no_ignition_nan_20200715.npz,/mnt/work/wildfire/test_sets/paired_negative_heavy_1km/patch_44798_no_ignition_nan_20200715.npz,,0.17510091,0,,,1,0,False,,blocked_by_model_b
patch_44799_no_ignition_nan_20200715.npz,/mnt/work/wildfire/test_sets/paired_negative_heavy_1km/patch_44799_no_ignition_nan_20200715.npz,,0.01673918,0,,,1,0,False,,blocked_by_model_b
patch_44800_no_ignition_nan_20200715.npz,/mnt/work/wildfire/test_sets/paired_negative_heavy_1km/patch_44800_no_ignition_nan_20200715.npz,,0.01025999,0,,,1,0,False,,blocked_by_model_b
patch_44801_no_ignition_nan_20200715.npz,/mnt/work/wildfire/test_sets/paired_negative_heavy_1km/patch_44801_no_ignition_nan_20200715.npz,,0.00001151,0,,,1,0,False,,blocked_by_model_b
patch_44802_no_ignition_nan_20200715.npz,/mnt/work/wildfire/test_sets/paired_negative_heavy_1km/patch_44802_no_ignition_nan_20200715.npz,,0.00005691,0,,,1,0,False,,blocked_by_model_b
patch_44803_no_ignition_nan_20200715.npz,/mnt/work/wildfire/test_sets/paired_negative_heavy_1km/patch_44803_no_ignition_nan_20200715.npz,,0.05411825,0,,,1,0,False,,blocked_by_model_b
patch_44804_no_ignition_nan_20200715.npz,/mnt/work/wildfire/test_sets/paired_negative_heavy_1km/patch_44804_no_ignition_nan_20200715.npz,,0.00021752,0,,,1,0,False,,blocked_by_model_b
patch_44805_no_ignition_nan_20200715.npz,/mnt/work/wildfire/test_sets/paired_negative_heavy_1km/patch_44805_no_ignition_nan_20200715.npz,,0.00000000,0,,,1,0,False,,blocked_by_model_b
patch_44806_no_ignition_nan_20200715.npz,/mnt/work/wildfire/test_sets/paired_negative_heavy_1km/patch_44806_no_ignition_nan_20200715.npz,,0.00000000,0,,,1,0,False,,blocked_by_model_b
patch_44807_no_ignition_nan_20200715.npz,/mnt/work/wildfire/test_sets/paired_negative_heavy_1km/patch_44807_no_ignition_nan_20200715.npz,,0.00001195,0,,,1,0,False,,blocked_by_model_b
patch_44808_no_ignition_nan_20200715.npz,/mnt/work/wildfire/test_sets/paired_negative_heavy_1km/patch_44808_no_ignition_nan_20200715.npz,/mnt/work/wildfire/test_sets/paired_negative_heavy_25m/patch_44808_no_ignition_nan_20200715.npz,0.31596869,1,0.65493453,1,1,1,False,False,completed
patch_44809_no_ignition_nan_20200715.npz,/mnt/work/wildfire/test_sets/paired_negative_heavy_1km/patch_44809_no_ignition_nan_20200715.npz,,0.12893929,0,,,1,0,False,,blocked_by_model_b
patch_44810_no_ignition_nan_20200715.npz,/mnt/work/wildfire/test_sets/paired_negative_heavy_1km/patch_44810_no_ignition_nan_20200715.npz,,0.00076328,0,,,1,0,False,,blocked_by_model_b
patch_44811_no_ignition_nan_20200715.npz,/mnt/work/wildfire/test_sets/paired_negative_heavy_1km/patch_44811_no_ignition_nan_20200715.npz,,0.00000000,0,,,1,0,False,,blocked_by_model_b
patch_44812_no_ignition_nan_20200715.npz,/mnt/work/wildfire/test_sets/paired_negative_heavy_1km/patch_44812_no_ignition_nan_20200715.npz,,0.00000000,0,,,1,0,False,,blocked_by_model_b
patch_44813_no_ignition_nan_20200715.npz,/mnt/work/wildfire/test_sets/paired_negative_heavy_1km/patch_44813_no_ignition_nan_20200715.npz,,0.00292758,0,,,1,0,False,,blocked_by_model_b
patch_44814_no_ignition_nan_20200715.npz,/mnt/work/wildfire/test_sets/paired_negative_heavy_1km/patch_44814_no_ignition_nan_20200715.npz,,0.00000011,0,,,1,0,False,,blocked_by_model_b
patch_44815_no_ignition_nan_20200715.npz,/mnt/work/wildfire/test_sets/paired_negative_heavy_1km/patch_44815_no_ignition_nan_20200715.npz,/mnt/work/wildfire/test_sets/paired_negative_heavy_25m/patch_44815_no_ignition_nan_20200715.npz,0.24258065,1,0.57132882,1,1,1,False,False,completed
patch_44816_no_ignition_nan_20200715.npz,/mnt/work/wildfire/test_sets/paired_negative_heavy_1km/patch_44816_no_ignition_nan_20200715.npz,,0.00000003,0,,,1,0,False,,blocked_by_model_b
patch_44817_no_ignition_nan_20200715.npz,/mnt/work/wildfire/test_sets/paired_negative_heavy_1km/patch_44817_no_ignition_nan_20200715.npz,,0.00000007,0,,,1,0,False,,blocked_by_model_b
patch_44818_no_ignition_nan_20200715.npz,/mnt/work/wildfire/test_sets/paired_negative_heavy_1km/patch_44818_no_ignition_nan_20200715.npz,,0.00000001,0,,,1,0,False,,blocked_by_model_b
patch_44819_no_ignition_nan_20200715.npz,/mnt/work/wildfire/test_sets/paired_negative_heavy_1km/patch_44819_no_ignition_nan_20200715.npz,,0.00000005,0,,,1,0,False,,blocked_by_model_b
patch_44820_no_ignition_nan_20200715.npz,/mnt/work/wildfire/test_sets/paired_negative_heavy_1km/patch_44820_no_ignition_nan_20200715.npz,,0.00000000,0,,,1,0,False,,blocked_by_model_b
patch_44821_no_ignition_nan_20200715.npz,/mnt/work/wildfire/test_sets/paired_negative_heavy_1km/patch_44821_no_ignition_nan_20200715.npz,,0.00000000,0,,,1,0,False,,blocked_by_model_b
patch_44822_no_ignition_nan_20200715.npz,/mnt/work/wildfire/test_sets/paired_negative_heavy_1km/patch_44822_no_ignition_nan_20200715.npz,,0.00000009,0,,,1,0,False,,blocked_by_model_b
patch_44823_no_ignition_nan_20200715.npz,/mnt/work/wildfire/test_sets/paired_negative_heavy_1km/patch_44823_no_ignition_nan_20200715.npz,,0.00000002,0,,,1,0,False,,blocked_by_model_b
patch_44824_no_ignition_nan_20200715.npz,/mnt/work/wildfire/test_sets/paired_negative_heavy_1km/patch_44824_no_ignition_nan_20200715.npz,,0.00004092,0,,,1,0,False,,blocked_by_model_b
patch_44825_no_ignition_nan_20200715.npz,/mnt/work/wildfire/test_sets/paired_negative_heavy_1km/patch_44825_no_ignition_nan_20200715.npz,/mnt/work/wildfire/test_sets/paired_negative_heavy_25m/patch_44825_no_ignition_nan_20200715.npz,0.24051431,1,0.59326917,1,1,1,False,False,completed
patch_44826_no_ignition_nan_20200715.npz,/mnt/work/wildfire/test_sets/paired_negative_heavy_1km/patch_44826_no_ignition_nan_20200715.npz,,0.00000004,0,,,1,0,False,,blocked_by_model_b
patch_44827_no_ignition_nan_20200715.npz,/mnt/work/wildfire/test_sets/paired_negative_heavy_1km/patch_44827_no_ignition_nan_20200715.npz,,0.00053793,0,,,1,0,False,,blocked_by_model_b
patch_44828_no_ignition_nan_20200715.npz,/mnt/work/wildfire/test_sets/paired_negative_heavy_1km/patch_44828_no_ignition_nan_20200715.npz,,0.00000000,0,,,1,0,False,,blocked_by_model_b
patch_44829_no_ignition_nan_20200715.npz,/mnt/work/wildfire/test_sets/paired_negative_heavy_1km/patch_44829_no_ignition_nan_20200715.npz,,0.00000000,0,,,1,0,False,,blocked_by_model_b
patch_44830_no_ignition_nan_20200715.npz,/mnt/work/wildfire/test_sets/paired_negative_heavy_1km/patch_44830_no_ignition_nan_20200715.npz,,0.00000007,0,,,1,0,False,,blocked_by_model_b
patch_44831_no_ignition_nan_20200715.npz,/mnt/work/wildfire/test_sets/paired_negative_heavy_1km/patch_44831_no_ignition_nan_20200715.npz,,0.00020005,0,,,1,0,False,,blocked_by_model_b
patch_44832_no_ignition_nan_20200715.npz,/mnt/work/wildfire/test_sets/paired_negative_heavy_1km/patch_44832_no_ignition_nan_20200715.npz,,0.00000003,0,,,1,0,False,,blocked_by_model_b
patch_44833_no_ignition_nan_20200715.npz,/mnt/work/wildfire/test_sets/paired_negative_heavy_1km/patch_44833_no_ignition_nan_20200715.npz,,0.19363920,0,,,1,0,False,,blocked_by_model_b
patch_44834_no_ignition_nan_20200715.npz,/mnt/work/wildfire/test_sets/paired_negative_heavy_1km/patch_44834_no_ignition_nan_20200715.npz,/mnt/work/wildfire/test_sets/paired_negative_heavy_25m/patch_44834_no_ignition_nan_20200715.npz,0.21914762,1,0.59049785,1,1,1,False,False,completed
patch_44835_no_ignition_nan_20200715.npz,/mnt/work/wildfire/test_sets/paired_negative_heavy_1km/patch_44835_no_ignition_nan_20200715.npz,,0.00007362,0,,,1,0,False,,blocked_by_model_b
patch_44836_no_ignition_nan_20200715.npz,/mnt/work/wildfire/test_sets/paired_negative_heavy_1km/patch_44836_no_ignition_nan_20200715.npz,,0.04501102,0,,,1,0,False,,blocked_by_model_b
patch_44837_no_ignition_nan_20200715.npz,/mnt/work/wildfire/test_sets/paired_negative_heavy_1km/patch_44837_no_ignition_nan_20200715.npz,,0.00000000,0,,,1,0,False,,blocked_by_model_b
patch_44838_no_ignition_nan_20200715.npz,/mnt/work/wildfire/test_sets/paired_negative_heavy_1km/patch_44838_no_ignition_nan_20200715.npz,,0.00269631,0,,,1,0,False,,blocked_by_model_b
patch_44839_no_ignition_nan_20200715.npz,/mnt/work/wildfire/test_sets/paired_negative_heavy_1km/patch_44839_no_ignition_nan_20200715.npz,,0.00000009,0,,,1,0,False,,blocked_by_model_b
patch_44840_no_ignition_nan_20200715.npz,/mnt/work/wildfire/test_sets/paired_negative_heavy_1km/patch_44840_no_ignition_nan_20200715.npz,,0.00000000,0,,,1,0,False,,blocked_by_model_b
patch_44841_no_ignition_nan_20200715.npz,/mnt/work/wildfire/test_sets/paired_negative_heavy_1km/patch_44841_no_ignition_nan_20200715.npz,,0.00000000,0,,,1,0,False,,blocked_by_model_b
patch_44842_no_ignition_nan_20200715.npz,/mnt/work/wildfire/test_sets/paired_negative_heavy_1km/patch_44842_no_ignition_nan_20200715.npz,,0.00000000,0,,,1,0,False,,blocked_by_model_b
patch_44843_no_ignition_nan_20200715.npz,/mnt/work/wildfire/test_sets/paired_negative_heavy_1km/patch_44843_no_ignition_nan_20200715.npz,,0.00000005,0,,,1,0,False,,blocked_by_model_b
patch_44844_no_ignition_nan_20200715.npz,/mnt/work/wildfire/test_sets/paired_negative_heavy_1km/patch_44844_no_ignition_nan_20200715.npz,,0.00000000,0,,,1,0,False,,blocked_by_model_b
patch_44845_no_ignition_nan_20200715.npz,/mnt/work/wildfire/test_sets/paired_negative_heavy_1km/patch_44845_no_ignition_nan_20200715.npz,,0.00000001,0,,,1,0,False,,blocked_by_model_b
patch_44846_no_ignition_nan_20200715.npz,/mnt/work/wildfire/test_sets/paired_negative_heavy_1km/patch_44846_no_ignition_nan_20200715.npz,,0.00000061,0,,,1,0,False,,blocked_by_model_b
patch_44847_no_ignition_nan_20200715.npz,/mnt/work/wildfire/test_sets/paired_negative_heavy_1km/patch_44847_no_ignition_nan_20200715.npz,,0.00010847,0,,,1,0,False,,blocked_by_model_b
patch_44848_no_ignition_nan_20200715.npz,/mnt/work/wildfire/test_sets/paired_negative_heavy_1km/patch_44848_no_ignition_nan_20200715.npz,,0.00000007,0,,,1,0,False,,blocked_by_model_b
patch_44849_no_ignition_nan_20200715.npz,/mnt/work/wildfire/test_sets/paired_negative_heavy_1km/patch_44849_no_ignition_nan_20200715.npz,,0.00081148,0,,,1,0,False,,blocked_by_model_b
patch_44850_no_ignition_nan_20200715.npz,/mnt/work/wildfire/test_sets/paired_negative_heavy_1km/patch_44850_no_ignition_nan_20200715.npz,,0.00038352,0,,,1,0,False,,blocked_by_model_b
patch_44851_no_ignition_nan_20200715.npz,/mnt/work/wildfire/test_sets/paired_negative_heavy_1km/patch_44851_no_ignition_nan_20200715.npz,,0.00000007,0,,,1,0,False,,blocked_by_model_b
patch_44852_no_ignition_nan_20200715.npz,/mnt/work/wildfire/test_sets/paired_negative_heavy_1km/patch_44852_no_ignition_nan_20200715.npz,,0.00000006,0,,,1,0,False,,blocked_by_model_b
patch_44853_no_ignition_nan_20200715.npz,/mnt/work/wildfire/test_sets/paired_negative_heavy_1km/patch_44853_no_ignition_nan_20200715.npz,,0.00010461,0,,,1,0,False,,blocked_by_model_b
patch_44854_no_ignition_nan_20200715.npz,/mnt/work/wildfire/test_sets/paired_negative_heavy_1km/patch_44854_no_ignition_nan_20200715.npz,,0.00000000,0,,,1,0,False,,blocked_by_model_b
patch_44855_no_ignition_nan_20200715.npz,/mnt/work/wildfire/test_sets/paired_negative_heavy_1km/patch_44855_no_ignition_nan_20200715.npz,/mnt/work/wildfire/test_sets/paired_negative_heavy_25m/patch_44855_no_ignition_nan_20200715.npz,0.32931331,1,0.58750707,1,1,1,False,False,completed
patch_44856_no_ignition_nan_20200715.npz,/mnt/work/wildfire/test_sets/paired_negative_heavy_1km/patch_44856_no_ignition_nan_20200715.npz,,0.00000000,0,,,1,0,False,,blocked_by_model_b
patch_44857_no_ignition_nan_20200715.npz,/mnt/work/wildfire/test_sets/paired_negative_heavy_1km/patch_44857_no_ignition_nan_20200715.npz,,0.13022359,0,,,1,0,False,,blocked_by_model_b
patch_44858_no_ignition_nan_20200815.npz,/mnt/work/wildfire/test_sets/paired_negative_heavy_1km/patch_44858_no_ignition_nan_20200815.npz,,0.00000000,0,,,1,0,False,,blocked_by_model_b
patch_44859_no_ignition_nan_20200815.npz,/mnt/work/wildfire/test_sets/paired_negative_heavy_1km/patch_44859_no_ignition_nan_20200815.npz,,0.00000000,0,,,1,0,False,,blocked_by_model_b
patch_44860_no_ignition_nan_20200815.npz,/mnt/work/wildfire/test_sets/paired_negative_heavy_1km/patch_44860_no_ignition_nan_20200815.npz,,0.00232490,0,,,1,0,False,,blocked_by_model_b
patch_44861_no_ignition_nan_20200815.npz,/mnt/work/wildfire/test_sets/paired_negative_heavy_1km/patch_44861_no_ignition_nan_20200815.npz,,0.00000047,0,,,1,0,False,,blocked_by_model_b
patch_44862_no_ignition_nan_20200815.npz,/mnt/work/wildfire/test_sets/paired_negative_heavy_1km/patch_44862_no_ignition_nan_20200815.npz,,0.00000005,0,,,1,0,False,,blocked_by_model_b
patch_44863_no_ignition_nan_20200815.npz,/mnt/work/wildfire/test_sets/paired_negative_heavy_1km/patch_44863_no_ignition_nan_20200815.npz,,0.00000021,0,,,1,0,False,,blocked_by_model_b
patch_44864_no_ignition_nan_20200815.npz,/mnt/work/wildfire/test_sets/paired_negative_heavy_1km/patch_44864_no_ignition_nan_20200815.npz,,0.08537450,0,,,1,0,False,,blocked_by_model_b
patch_44865_no_ignition_nan_20200815.npz,/mnt/work/wildfire/test_sets/paired_negative_heavy_1km/patch_44865_no_ignition_nan_20200815.npz,/mnt/work/wildfire/test_sets/paired_negative_heavy_25m/patch_44865_no_ignition_nan_20200815.npz,0.22845809,1,0.64035738,1,1,1,False,False,completed
patch_44866_no_ignition_nan_20200815.npz,/mnt/work/wildfire/test_sets/paired_negative_heavy_1km/patch_44866_no_ignition_nan_20200815.npz,,0.00000005,0,,,1,0,False,,blocked_by_model_b
patch_44867_no_ignition_nan_20200815.npz,/mnt/work/wildfire/test_sets/paired_negative_heavy_1km/patch_44867_no_ignition_nan_20200815.npz,,0.00000000,0,,,1,0,False,,blocked_by_model_b
patch_44868_no_ignition_nan_20200815.npz,/mnt/work/wildfire/test_sets/paired_negative_heavy_1km/patch_44868_no_ignition_nan_20200815.npz,,0.00042645,0,,,1,0,False,,blocked_by_model_b
patch_44869_no_ignition_nan_20200815.npz,/mnt/work/wildfire/test_sets/paired_negative_heavy_1km/patch_44869_no_ignition_nan_20200815.npz,,0.00021232,0,,,1,0,False,,blocked_by_model_b
patch_44870_no_ignition_nan_20200815.npz,/mnt/work/wildfire/test_sets/paired_negative_heavy_1km/patch_44870_no_ignition_nan_20200815.npz,,0.00000000,0,,,1,0,False,,blocked_by_model_b
patch_44871_no_ignition_nan_20200815.npz,/mnt/work/wildfire/test_sets/paired_negative_heavy_1km/patch_44871_no_ignition_nan_20200815.npz,,0.00048727,0,,,1,0,False,,blocked_by_model_b
patch_44872_no_ignition_nan_20200815.npz,/mnt/work/wildfire/test_sets/paired_negative_heavy_1km/patch_44872_no_ignition_nan_20200815.npz,,0.00000007,0,,,1,0,False,,blocked_by_model_b
patch_44873_no_ignition_nan_20200815.npz,/mnt/work/wildfire/test_sets/paired_negative_heavy_1km/patch_44873_no_ignition_nan_20200815.npz,,0.00000078,0,,,1,0,False,,blocked_by_model_b
patch_44874_no_ignition_nan_20200815.npz,/mnt/work/wildfire/test_sets/paired_negative_heavy_1km/patch_44874_no_ignition_nan_20200815.npz,,0.14883740,0,,,1,0,False,,blocked_by_model_b
patch_44875_no_ignition_nan_20200815.npz,/mnt/work/wildfire/test_sets/paired_negative_heavy_1km/patch_44875_no_ignition_nan_20200815.npz,/mnt/work/wildfire/test_sets/paired_negative_heavy_25m/patch_44875_no_ignition_nan_20200815.npz,0.24229391,1,0.67073685,1,1,1,False,False,completed
patch_44876_no_ignition_nan_20200815.npz,/mnt/work/wildfire/test_sets/paired_negative_heavy_1km/patch_44876_no_ignition_nan_20200815.npz,,0.00000000,0,,,1,0,False,,blocked_by_model_b
patch_44877_no_ignition_nan_20200815.npz,/mnt/work/wildfire/test_sets/paired_negative_heavy_1km/patch_44877_no_ignition_nan_20200815.npz,,0.00000008,0,,,1,0,False,,blocked_by_model_b
patch_44878_no_ignition_nan_20200815.npz,/mnt/work/wildfire/test_sets/paired_negative_heavy_1km/patch_44878_no_ignition_nan_20200815.npz,,0.00000003,0,,,1,0,False,,blocked_by_model_b
patch_44879_no_ignition_nan_20200815.npz,/mnt/work/wildfire/test_sets/paired_negative_heavy_1km/patch_44879_no_ignition_nan_20200815.npz,,0.06267929,0,,,1,0,False,,blocked_by_model_b
patch_44880_no_ignition_nan_20200815.npz,/mnt/work/wildfire/test_sets/paired_negative_heavy_1km/patch_44880_no_ignition_nan_20200815.npz,,0.01328196,0,,,1,0,False,,blocked_by_model_b
patch_44881_no_ignition_nan_20200815.npz,/mnt/work/wildfire/test_sets/paired_negative_heavy_1km/patch_44881_no_ignition_nan_20200815.npz,,0.00197933,0,,,1,0,False,,blocked_by_model_b
patch_44882_no_ignition_nan_20200815.npz,/mnt/work/wildfire/test_sets/paired_negative_heavy_1km/patch_44882_no_ignition_nan_20200815.npz,,0.00000000,0,,,1,0,False,,blocked_by_model_b
patch_44883_no_ignition_nan_20200815.npz,/mnt/work/wildfire/test_sets/paired_negative_heavy_1km/patch_44883_no_ignition_nan_20200815.npz,,0.00006000,0,,,1,0,False,,blocked_by_model_b
patch_44884_no_ignition_nan_20200815.npz,/mnt/work/wildfire/test_sets/paired_negative_heavy_1km/patch_44884_no_ignition_nan_20200815.npz,,0.00000000,0,,,1,0,False,,blocked_by_model_b
patch_44885_no_ignition_nan_20200815.npz,/mnt/work/wildfire/test_sets/paired_negative_heavy_1km/patch_44885_no_ignition_nan_20200815.npz,,0.10434578,0,,,1,0,False,,blocked_by_model_b
patch_44886_no_ignition_nan_20200815.npz,/mnt/work/wildfire/test_sets/paired_negative_heavy_1km/patch_44886_no_ignition_nan_20200815.npz,,0.03431045,0,,,1,0,False,,blocked_by_model_b
patch_44887_no_ignition_nan_20200815.npz,/mnt/work/wildfire/test_sets/paired_negative_heavy_1km/patch_44887_no_ignition_nan_20200815.npz,,0.00000000,0,,,1,0,False,,blocked_by_model_b
patch_44888_no_ignition_nan_20200815.npz,/mnt/work/wildfire/test_sets/paired_negative_heavy_1km/patch_44888_no_ignition_nan_20200815.npz,,0.11799818,0,,,1,0,False,,blocked_by_model_b
patch_44889_no_ignition_nan_20200815.npz,/mnt/work/wildfire/test_sets/paired_negative_heavy_1km/patch_44889_no_ignition_nan_20200815.npz,,0.00000000,0,,,1,0,False,,blocked_by_model_b
patch_44890_no_ignition_nan_20200815.npz,/mnt/work/wildfire/test_sets/paired_negative_heavy_1km/patch_44890_no_ignition_nan_20200815.npz,,0.00366656,0,,,1,0,False,,blocked_by_model_b
patch_44891_no_ignition_nan_20200815.npz,/mnt/work/wildfire/test_sets/paired_negative_heavy_1km/patch_44891_no_ignition_nan_20200815.npz,,0.00000001,0,,,1,0,False,,blocked_by_model_b
patch_44892_no_ignition_nan_20200815.npz,/mnt/work/wildfire/test_sets/paired_negative_heavy_1km/patch_44892_no_ignition_nan_20200815.npz,,0.00000009,0,,,1,0,False,,blocked_by_model_b
patch_44893_no_ignition_nan_20200815.npz,/mnt/work/wildfire/test_sets/paired_negative_heavy_1km/patch_44893_no_ignition_nan_20200815.npz,,0.00362352,0,,,1,0,False,,blocked_by_model_b
patch_44894_no_ignition_nan_20200815.npz,/mnt/work/wildfire/test_sets/paired_negative_heavy_1km/patch_44894_no_ignition_nan_20200815.npz,,0.04264283,0,,,1,0,False,,blocked_by_model_b
patch_44895_no_ignition_nan_20200815.npz,/mnt/work/wildfire/test_sets/paired_negative_heavy_1km/patch_44895_no_ignition_nan_20200815.npz,,0.00000000,0,,,1,0,False,,blocked_by_model_b
patch_44896_no_ignition_nan_20200815.npz,/mnt/work/wildfire/test_sets/paired_negative_heavy_1km/patch_44896_no_ignition_nan_20200815.npz,,0.00000016,0,,,1,0,False,,blocked_by_model_b
patch_44897_no_ignition_nan_20200815.npz,/mnt/work/wildfire/test_sets/paired_negative_heavy_1km/patch_44897_no_ignition_nan_20200815.npz,,0.00005954,0,,,1,0,False,,blocked_by_model_b
patch_44898_no_ignition_nan_20200815.npz,/mnt/work/wildfire/test_sets/paired_negative_heavy_1km/patch_44898_no_ignition_nan_20200815.npz,,0.00000000,0,,,1,0,False,,blocked_by_model_b
patch_44899_no_ignition_nan_20200815.npz,/mnt/work/wildfire/test_sets/paired_negative_heavy_1km/patch_44899_no_ignition_nan_20200815.npz,,0.00000000,0,,,1,0,False,,blocked_by_model_b
patch_44900_no_ignition_nan_20200815.npz,/mnt/work/wildfire/test_sets/paired_negative_heavy_1km/patch_44900_no_ignition_nan_20200815.npz,,0.00001540,0,,,1,0,False,,blocked_by_model_b
patch_44901_no_ignition_nan_20200815.npz,/mnt/work/wildfire/test_sets/paired_negative_heavy_1km/patch_44901_no_ignition_nan_20200815.npz,,0.00646748,0,,,1,0,False,,blocked_by_model_b
patch_44902_no_ignition_nan_20200815.npz,/mnt/work/wildfire/test_sets/paired_negative_heavy_1km/patch_44902_no_ignition_nan_20200815.npz,,0.00000000,0,,,1,0,False,,blocked_by_model_b
patch_44903_no_ignition_nan_20200815.npz,/mnt/work/wildfire/test_sets/paired_negative_heavy_1km/patch_44903_no_ignition_nan_20200815.npz,,0.00000000,0,,,1,0,False,,blocked_by_model_b
patch_44904_no_ignition_nan_20200815.npz,/mnt/work/wildfire/test_sets/paired_negative_heavy_1km/patch_44904_no_ignition_nan_20200815.npz,,0.00000007,0,,,1,0,False,,blocked_by_model_b
patch_44905_no_ignition_nan_20200815.npz,/mnt/work/wildfire/test_sets/paired_negative_heavy_1km/patch_44905_no_ignition_nan_20200815.npz,,0.00000015,0,,,1,0,False,,blocked_by_model_b
patch_44906_no_ignition_nan_20200815.npz,/mnt/work/wildfire/test_sets/paired_negative_heavy_1km/patch_44906_no_ignition_nan_20200815.npz,,0.00000000,0,,,1,0,False,,blocked_by_model_b
patch_44907_no_ignition_nan_20200815.npz,/mnt/work/wildfire/test_sets/paired_negative_heavy_1km/patch_44907_no_ignition_nan_20200815.npz,,0.00000133,0,,,1,0,False,,blocked_by_model_b
patch_44908_no_ignition_nan_20200815.npz,/mnt/work/wildfire/test_sets/paired_negative_heavy_1km/patch_44908_no_ignition_nan_20200815.npz,,0.01276532,0,,,1,0,False,,blocked_by_model_b
patch_44909_no_ignition_nan_20200815.npz,/mnt/work/wildfire/test_sets/paired_negative_heavy_1km/patch_44909_no_ignition_nan_20200815.npz,/mnt/work/wildfire/test_sets/paired_negative_heavy_25m/patch_44909_no_ignition_nan_20200815.npz,0.34015927,1,0.53205758,1,1,1,False,False,completed
patch_44910_no_ignition_nan_20200815.npz,/mnt/work/wildfire/test_sets/paired_negative_heavy_1km/patch_44910_no_ignition_nan_20200815.npz,,0.00098100,0,,,1,0,False,,blocked_by_model_b
patch_44911_no_ignition_nan_20200815.npz,/mnt/work/wildfire/test_sets/paired_negative_heavy_1km/patch_44911_no_ignition_nan_20200815.npz,,0.00000051,0,,,1,0,False,,blocked_by_model_b
patch_44912_no_ignition_nan_20200815.npz,/mnt/work/wildfire/test_sets/paired_negative_heavy_1km/patch_44912_no_ignition_nan_20200815.npz,,0.00000000,0,,,1,0,False,,blocked_by_model_b
patch_44913_no_ignition_nan_20200815.npz,/mnt/work/wildfire/test_sets/paired_negative_heavy_1km/patch_44913_no_ignition_nan_20200815.npz,,0.00000013,0,,,1,0,False,,blocked_by_model_b
patch_44914_no_ignition_nan_20200815.npz,/mnt/work/wildfire/test_sets/paired_negative_heavy_1km/patch_44914_no_ignition_nan_20200815.npz,,0.00012645,0,,,1,0,False,,blocked_by_model_b
patch_44915_no_ignition_nan_20200815.npz,/mnt/work/wildfire/test_sets/paired_negative_heavy_1km/patch_44915_no_ignition_nan_20200815.npz,,0.00011639,0,,,1,0,False,,blocked_by_model_b
patch_44916_no_ignition_nan_20200815.npz,/mnt/work/wildfire/test_sets/paired_negative_heavy_1km/patch_44916_no_ignition_nan_20200815.npz,,0.00000000,0,,,1,0,False,,blocked_by_model_b
patch_44917_no_ignition_nan_20200815.npz,/mnt/work/wildfire/test_sets/paired_negative_heavy_1km/patch_44917_no_ignition_nan_20200815.npz,,0.00000000,0,,,1,0,False,,blocked_by_model_b
patch_44918_no_ignition_nan_20200815.npz,/mnt/work/wildfire/test_sets/paired_negative_heavy_1km/patch_44918_no_ignition_nan_20200815.npz,/mnt/work/wildfire/test_sets/paired_negative_heavy_25m/patch_44918_no_ignition_nan_20200815.npz,0.35424110,1,0.55176133,1,1,1,False,False,completed
patch_44919_no_ignition_nan_20200815.npz,/mnt/work/wildfire/test_sets/paired_negative_heavy_1km/patch_44919_no_ignition_nan_20200815.npz,,0.03475606,0,,,1,0,False,,blocked_by_model_b
patch_44920_no_ignition_nan_20200815.npz,/mnt/work/wildfire/test_sets/paired_negative_heavy_1km/patch_44920_no_ignition_nan_20200815.npz,,0.00149318,0,,,1,0,False,,blocked_by_model_b
patch_44921_no_ignition_nan_20200815.npz,/mnt/work/wildfire/test_sets/paired_negative_heavy_1km/patch_44921_no_ignition_nan_20200815.npz,,0.00032668,0,,,1,0,False,,blocked_by_model_b
patch_44922_no_ignition_nan_20200815.npz,/mnt/work/wildfire/test_sets/paired_negative_heavy_1km/patch_44922_no_ignition_nan_20200815.npz,/mnt/work/wildfire/test_sets/paired_negative_heavy_25m/patch_44922_no_ignition_nan_20200815.npz,0.97062892,1,0.54244357,1,1,1,False,False,completed
patch_44923_no_ignition_nan_20200815.npz,/mnt/work/wildfire/test_sets/paired_negative_heavy_1km/patch_44923_no_ignition_nan_20200815.npz,,0.04162242,0,,,1,0,False,,blocked_by_model_b
patch_44924_no_ignition_nan_20200815.npz,/mnt/work/wildfire/test_sets/paired_negative_heavy_1km/patch_44924_no_ignition_nan_20200815.npz,/mnt/work/wildfire/test_sets/paired_negative_heavy_25m/patch_44924_no_ignition_nan_20200815.npz,0.47884461,1,0.65429890,1,1,1,False,False,completed
patch_44925_no_ignition_nan_20200815.npz,/mnt/work/wildfire/test_sets/paired_negative_heavy_1km/patch_44925_no_ignition_nan_20200815.npz,,0.00000006,0,,,1,0,False,,blocked_by_model_b
patch_44926_no_ignition_nan_20200815.npz,/mnt/work/wildfire/test_sets/paired_negative_heavy_1km/patch_44926_no_ignition_nan_20200815.npz,/mnt/work/wildfire/test_sets/paired_negative_heavy_25m/patch_44926_no_ignition_nan_20200815.npz,0.44112745,1,0.56726676,1,1,1,False,False,completed
patch_44927_no_ignition_nan_20200815.npz,/mnt/work/wildfire/test_sets/paired_negative_heavy_1km/patch_44927_no_ignition_nan_20200815.npz,,0.00000000,0,,,1,0,False,,blocked_by_model_b
patch_44928_no_ignition_nan_20200815.npz,/mnt/work/wildfire/test_sets/paired_negative_heavy_1km/patch_44928_no_ignition_nan_20200815.npz,,0.00976905,0,,,1,0,False,,blocked_by_model_b
patch_44929_no_ignition_nan_20200815.npz,/mnt/work/wildfire/test_sets/paired_negative_heavy_1km/patch_44929_no_ignition_nan_20200815.npz,,0.00002127,0,,,1,0,False,,blocked_by_model_b
patch_44930_no_ignition_nan_20200815.npz,/mnt/work/wildfire/test_sets/paired_negative_heavy_1km/patch_44930_no_ignition_nan_20200815.npz,/mnt/work/wildfire/test_sets/paired_negative_heavy_25m/patch_44930_no_ignition_nan_20200815.npz,0.76938492,1,0.60869533,1,1,1,False,False,completed
patch_44931_no_ignition_nan_20200815.npz,/mnt/work/wildfire/test_sets/paired_negative_heavy_1km/patch_44931_no_ignition_nan_20200815.npz,/mnt/work/wildfire/test_sets/paired_negative_heavy_25m/patch_44931_no_ignition_nan_20200815.npz,0.24475364,1,0.57988250,1,1,1,False,False,completed
patch_44932_no_ignition_nan_20200815.npz,/mnt/work/wildfire/test_sets/paired_negative_heavy_1km/patch_44932_no_ignition_nan_20200815.npz,,0.00000002,0,,,1,0,False,,blocked_by_model_b
patch_44933_no_ignition_nan_20200815.npz,/mnt/work/wildfire/test_sets/paired_negative_heavy_1km/patch_44933_no_ignition_nan_20200815.npz,,0.00017346,0,,,1,0,False,,blocked_by_model_b
patch_44934_no_ignition_nan_20200815.npz,/mnt/work/wildfire/test_sets/paired_negative_heavy_1km/patch_44934_no_ignition_nan_20200815.npz,/mnt/work/wildfire/test_sets/paired_negative_heavy_25m/patch_44934_no_ignition_nan_20200815.npz,0.29185402,1,0.59234923,1,1,1,False,False,completed
patch_44935_no_ignition_nan_20200815.npz,/mnt/work/wildfire/test_sets/paired_negative_heavy_1km/patch_44935_no_ignition_nan_20200815.npz,,0.00658837,0,,,1,0,False,,blocked_by_model_b
patch_44936_no_ignition_nan_20200815.npz,/mnt/work/wildfire/test_sets/paired_negative_heavy_1km/patch_44936_no_ignition_nan_20200815.npz,,0.00000009,0,,,1,0,False,,blocked_by_model_b
patch_44937_no_ignition_nan_20200815.npz,/mnt/work/wildfire/test_sets/paired_negative_heavy_1km/patch_44937_no_ignition_nan_20200815.npz,,0.00006322,0,,,1,0,False,,blocked_by_model_b
patch_44938_no_ignition_nan_20200815.npz,/mnt/work/wildfire/test_sets/paired_negative_heavy_1km/patch_44938_no_ignition_nan_20200815.npz,,0.00215777,0,,,1,0,False,,blocked_by_model_b
patch_44939_no_ignition_nan_20200815.npz,/mnt/work/wildfire/test_sets/paired_negative_heavy_1km/patch_44939_no_ignition_nan_20200815.npz,,0.00032084,0,,,1,0,False,,blocked_by_model_b
patch_44940_no_ignition_nan_20200815.npz,/mnt/work/wildfire/test_sets/paired_negative_heavy_1km/patch_44940_no_ignition_nan_20200815.npz,,0.00000000,0,,,1,0,False,,blocked_by_model_b
patch_44941_no_ignition_nan_20200815.npz,/mnt/work/wildfire/test_sets/paired_negative_heavy_1km/patch_44941_no_ignition_nan_20200815.npz,,0.00012067,0,,,1,0,False,,blocked_by_model_b
patch_44942_no_ignition_nan_20200815.npz,/mnt/work/wildfire/test_sets/paired_negative_heavy_1km/patch_44942_no_ignition_nan_20200815.npz,,0.00029335,0,,,1,0,False,,blocked_by_model_b
patch_44943_no_ignition_nan_20200815.npz,/mnt/work/wildfire/test_sets/paired_negative_heavy_1km/patch_44943_no_ignition_nan_20200815.npz,,0.00000009,0,,,1,0,False,,blocked_by_model_b
patch_44944_no_ignition_nan_20200815.npz,/mnt/work/wildfire/test_sets/paired_negative_heavy_1km/patch_44944_no_ignition_nan_20200815.npz,,0.00000000,0,,,1,0,False,,blocked_by_model_b
patch_44945_no_ignition_nan_20200815.npz,/mnt/work/wildfire/test_sets/paired_negative_heavy_1km/patch_44945_no_ignition_nan_20200815.npz,,0.00016190,0,,,1,0,False,,blocked_by_model_b
patch_44946_no_ignition_nan_20200815.npz,/mnt/work/wildfire/test_sets/paired_negative_heavy_1km/patch_44946_no_ignition_nan_20200815.npz,,0.00003509,0,,,1,0,False,,blocked_by_model_b
patch_44947_no_ignition_nan_20200815.npz,/mnt/work/wildfire/test_sets/paired_negative_heavy_1km/patch_44947_no_ignition_nan_20200815.npz,,0.10145541,0,,,1,0,False,,blocked_by_model_b
patch_44948_no_ignition_nan_20200815.npz,/mnt/work/wildfire/test_sets/paired_negative_heavy_1km/patch_44948_no_ignition_nan_20200815.npz,,0.00000000,0,,,1,0,False,,blocked_by_model_b
patch_44949_no_ignition_nan_20200815.npz,/mnt/work/wildfire/test_sets/paired_negative_heavy_1km/patch_44949_no_ignition_nan_20200815.npz,,0.00000093,0,,,1,0,False,,blocked_by_model_b
patch_44950_no_ignition_nan_20200815.npz,/mnt/work/wildfire/test_sets/paired_negative_heavy_1km/patch_44950_no_ignition_nan_20200815.npz,/mnt/work/wildfire/test_sets/paired_negative_heavy_25m/patch_44950_no_ignition_nan_20200815.npz,0.29971004,1,0.59941781,1,1,1,False,False,completed
patch_44951_no_ignition_nan_20200815.npz,/mnt/work/wildfire/test_sets/paired_negative_heavy_1km/patch_44951_no_ignition_nan_20200815.npz,,0.01195868,0,,,1,0,False,,blocked_by_model_b
patch_44952_no_ignition_nan_20200815.npz,/mnt/work/wildfire/test_sets/paired_negative_heavy_1km/patch_44952_no_ignition_nan_20200815.npz,,0.00021051,0,,,1,0,False,,blocked_by_model_b
patch_44953_no_ignition_nan_20200815.npz,/mnt/work/wildfire/test_sets/paired_negative_heavy_1km/patch_44953_no_ignition_nan_20200815.npz,,0.00000003,0,,,1,0,False,,blocked_by_model_b
patch_44954_no_ignition_nan_20200815.npz,/mnt/work/wildfire/test_sets/paired_negative_heavy_1km/patch_44954_no_ignition_nan_20200815.npz,,0.00029682,0,,,1,0,False,,blocked_by_model_b
patch_44955_no_ignition_nan_20200815.npz,/mnt/work/wildfire/test_sets/paired_negative_heavy_1km/patch_44955_no_ignition_nan_20200815.npz,,0.00000000,0,,,1,0,False,,blocked_by_model_b
patch_44956_no_ignition_nan_20200815.npz,/mnt/work/wildfire/test_sets/paired_negative_heavy_1km/patch_44956_no_ignition_nan_20200815.npz,,0.00000033,0,,,1,0,False,,blocked_by_model_b
patch_44957_no_ignition_nan_20200815.npz,/mnt/work/wildfire/test_sets/paired_negative_heavy_1km/patch_44957_no_ignition_nan_20200815.npz,,0.02678784,0,,,1,0,False,,blocked_by_model_b
patch_44958_no_ignition_nan_20200815.npz,/mnt/work/wildfire/test_sets/paired_negative_heavy_1km/patch_44958_no_ignition_nan_20200815.npz,,0.00000000,0,,,1,0,False,,blocked_by_model_b
patch_44959_no_ignition_nan_20200815.npz,/mnt/work/wildfire/test_sets/paired_negative_heavy_1km/patch_44959_no_ignition_nan_20200815.npz,,0.00000002,0,,,1,0,False,,blocked_by_model_b
patch_44960_no_ignition_nan_20200815.npz,/mnt/work/wildfire/test_sets/paired_negative_heavy_1km/patch_44960_no_ignition_nan_20200815.npz,,0.00000003,0,,,1,0,False,,blocked_by_model_b
patch_44961_no_ignition_nan_20200815.npz,/mnt/work/wildfire/test_sets/paired_negative_heavy_1km/patch_44961_no_ignition_nan_20200815.npz,,0.00003922,0,,,1,0,False,,blocked_by_model_b
patch_44962_no_ignition_nan_20200815.npz,/mnt/work/wildfire/test_sets/paired_negative_heavy_1km/patch_44962_no_ignition_nan_20200815.npz,,0.00000000,0,,,1,0,False,,blocked_by_model_b
patch_44963_no_ignition_nan_20200815.npz,/mnt/work/wildfire/test_sets/paired_negative_heavy_1km/patch_44963_no_ignition_nan_20200815.npz,,0.00000008,0,,,1,0,False,,blocked_by_model_b
patch_44964_no_ignition_nan_20200815.npz,/mnt/work/wildfire/test_sets/paired_negative_heavy_1km/patch_44964_no_ignition_nan_20200815.npz,,0.00000000,0,,,1,0,False,,blocked_by_model_b
patch_44965_no_ignition_nan_20200815.npz,/mnt/work/wildfire/test_sets/paired_negative_heavy_1km/patch_44965_no_ignition_nan_20200815.npz,,0.00000000,0,,,1,0,False,,blocked_by_model_b
patch_44966_no_ignition_nan_20200815.npz,/mnt/work/wildfire/test_sets/paired_negative_heavy_1km/patch_44966_no_ignition_nan_20200815.npz,,0.00000000,0,,,1,0,False,,blocked_by_model_b
patch_44967_no_ignition_nan_20200815.npz,/mnt/work/wildfire/test_sets/paired_negative_heavy_1km/patch_44967_no_ignition_nan_20200815.npz,,0.00000051,0,,,1,0,False,,blocked_by_model_b
patch_44968_no_ignition_nan_20200815.npz,/mnt/work/wildfire/test_sets/paired_negative_heavy_1km/patch_44968_no_ignition_nan_20200815.npz,,0.00467390,0,,,1,0,False,,blocked_by_model_b
patch_44969_no_ignition_nan_20200815.npz,/mnt/work/wildfire/test_sets/paired_negative_heavy_1km/patch_44969_no_ignition_nan_20200815.npz,,0.00000000,0,,,1,0,False,,blocked_by_model_b
patch_44970_no_ignition_nan_20200815.npz,/mnt/work/wildfire/test_sets/paired_negative_heavy_1km/patch_44970_no_ignition_nan_20200815.npz,,0.01365576,0,,,1,0,False,,blocked_by_model_b
patch_44971_no_ignition_nan_20200815.npz,/mnt/work/wildfire/test_sets/paired_negative_heavy_1km/patch_44971_no_ignition_nan_20200815.npz,,0.00000000,0,,,1,0,False,,blocked_by_model_b
patch_44972_no_ignition_nan_20200815.npz,/mnt/work/wildfire/test_sets/paired_negative_heavy_1km/patch_44972_no_ignition_nan_20200815.npz,,0.00006828,0,,,1,0,False,,blocked_by_model_b
patch_44973_no_ignition_nan_20200815.npz,/mnt/work/wildfire/test_sets/paired_negative_heavy_1km/patch_44973_no_ignition_nan_20200815.npz,,0.00939376,0,,,1,0,False,,blocked_by_model_b
patch_44974_no_ignition_nan_20200815.npz,/mnt/work/wildfire/test_sets/paired_negative_heavy_1km/patch_44974_no_ignition_nan_20200815.npz,,0.02182391,0,,,1,0,False,,blocked_by_model_b
patch_44975_no_ignition_nan_20200815.npz,/mnt/work/wildfire/test_sets/paired_negative_heavy_1km/patch_44975_no_ignition_nan_20200815.npz,,0.00000001,0,,,1,0,False,,blocked_by_model_b
patch_44976_no_ignition_nan_20200815.npz,/mnt/work/wildfire/test_sets/paired_negative_heavy_1km/patch_44976_no_ignition_nan_20200815.npz,/mnt/work/wildfire/test_sets/paired_negative_heavy_25m/patch_44976_no_ignition_nan_20200815.npz,0.27797723,1,0.63450974,1,1,1,False,False,completed
patch_44977_no_ignition_nan_20200815.npz,/mnt/work/wildfire/test_sets/paired_negative_heavy_1km/patch_44977_no_ignition_nan_20200815.npz,,0.04557727,0,,,1,0,False,,blocked_by_model_b
patch_44978_no_ignition_nan_20200815.npz,/mnt/work/wildfire/test_sets/paired_negative_heavy_1km/patch_44978_no_ignition_nan_20200815.npz,,0.00222238,0,,,1,0,False,,blocked_by_model_b
patch_44979_no_ignition_nan_20200815.npz,/mnt/work/wildfire/test_sets/paired_negative_heavy_1km/patch_44979_no_ignition_nan_20200815.npz,,0.00000000,0,,,1,0,False,,blocked_by_model_b
patch_44980_no_ignition_nan_20200815.npz,/mnt/work/wildfire/test_sets/paired_negative_heavy_1km/patch_44980_no_ignition_nan_20200815.npz,/mnt/work/wildfire/test_sets/paired_negative_heavy_25m/patch_44980_no_ignition_nan_20200815.npz,0.46209151,1,0.54757631,1,1,1,False,False,completed
patch_44981_no_ignition_nan_20200815.npz,/mnt/work/wildfire/test_sets/paired_negative_heavy_1km/patch_44981_no_ignition_nan_20200815.npz,,0.00000000,0,,,1,0,False,,blocked_by_model_b
patch_44982_no_ignition_nan_20200815.npz,/mnt/work/wildfire/test_sets/paired_negative_heavy_1km/patch_44982_no_ignition_nan_20200815.npz,,0.00000010,0,,,1,0,False,,blocked_by_model_b
patch_44983_no_ignition_nan_20200815.npz,/mnt/work/wildfire/test_sets/paired_negative_heavy_1km/patch_44983_no_ignition_nan_20200815.npz,,0.00000000,0,,,1,0,False,,blocked_by_model_b
patch_44984_no_ignition_nan_20200815.npz,/mnt/work/wildfire/test_sets/paired_negative_heavy_1km/patch_44984_no_ignition_nan_20200815.npz,,0.00000655,0,,,1,0,False,,blocked_by_model_b
patch_44985_no_ignition_nan_20200815.npz,/mnt/work/wildfire/test_sets/paired_negative_heavy_1km/patch_44985_no_ignition_nan_20200815.npz,,0.00017374,0,,,1,0,False,,blocked_by_model_b
patch_44986_no_ignition_nan_20200815.npz,/mnt/work/wildfire/test_sets/paired_negative_heavy_1km/patch_44986_no_ignition_nan_20200815.npz,,0.00018609,0,,,1,0,False,,blocked_by_model_b
patch_44987_no_ignition_nan_20200815.npz,/mnt/work/wildfire/test_sets/paired_negative_heavy_1km/patch_44987_no_ignition_nan_20200815.npz,/mnt/work/wildfire/test_sets/paired_negative_heavy_25m/patch_44987_no_ignition_nan_20200815.npz,0.23686372,1,0.59724456,1,1,1,False,False,completed
patch_44988_no_ignition_nan_20200815.npz,/mnt/work/wildfire/test_sets/paired_negative_heavy_1km/patch_44988_no_ignition_nan_20200815.npz,,0.04181115,0,,,1,0,False,,blocked_by_model_b
patch_44989_no_ignition_nan_20200815.npz,/mnt/work/wildfire/test_sets/paired_negative_heavy_1km/patch_44989_no_ignition_nan_20200815.npz,,0.00000001,0,,,1,0,False,,blocked_by_model_b
patch_44990_no_ignition_nan_20200815.npz,/mnt/work/wildfire/test_sets/paired_negative_heavy_1km/patch_44990_no_ignition_nan_20200815.npz,,0.00000000,0,,,1,0,False,,blocked_by_model_b
patch_44991_no_ignition_nan_20200815.npz,/mnt/work/wildfire/test_sets/paired_negative_heavy_1km/patch_44991_no_ignition_nan_20200815.npz,,0.00000000,0,,,1,0,False,,blocked_by_model_b
patch_44992_no_ignition_nan_20200815.npz,/mnt/work/wildfire/test_sets/paired_negative_heavy_1km/patch_44992_no_ignition_nan_20200815.npz,,0.00000528,0,,,1,0,False,,blocked_by_model_b
patch_44993_no_ignition_nan_20200815.npz,/mnt/work/wildfire/test_sets/paired_negative_heavy_1km/patch_44993_no_ignition_nan_20200815.npz,,0.17526701,0,,,1,0,False,,blocked_by_model_b
patch_44994_no_ignition_nan_20200815.npz,/mnt/work/wildfire/test_sets/paired_negative_heavy_1km/patch_44994_no_ignition_nan_20200815.npz,,0.02642941,0,,,1,0,False,,blocked_by_model_b
patch_44995_no_ignition_nan_20200815.npz,/mnt/work/wildfire/test_sets/paired_negative_heavy_1km/patch_44995_no_ignition_nan_20200815.npz,/mnt/work/wildfire/test_sets/paired_negative_heavy_25m/patch_44995_no_ignition_nan_20200815.npz,0.75156784,1,0.60738868,1,1,1,False,False,completed
patch_44996_no_ignition_nan_20200815.npz,/mnt/work/wildfire/test_sets/paired_negative_heavy_1km/patch_44996_no_ignition_nan_20200815.npz,,0.00006043,0,,,1,0,False,,blocked_by_model_b
patch_44997_no_ignition_nan_20200815.npz,/mnt/work/wildfire/test_sets/paired_negative_heavy_1km/patch_44997_no_ignition_nan_20200815.npz,,0.00000000,0,,,1,0,False,,blocked_by_model_b
patch_44998_no_ignition_nan_20200815.npz,/mnt/work/wildfire/test_sets/paired_negative_heavy_1km/patch_44998_no_ignition_nan_20200815.npz,,0.00305391,0,,,1,0,False,,blocked_by_model_b
patch_44999_no_ignition_nan_20200815.npz,/mnt/work/wildfire/test_sets/paired_negative_heavy_1km/patch_44999_no_ignition_nan_20200815.npz,,0.00000001,0,,,1,0,False,,blocked_by_model_b
patch_45000_no_ignition_nan_20200815.npz,/mnt/work/wildfire/test_sets/paired_negative_heavy_1km/patch_45000_no_ignition_nan_20200815.npz,,0.00011094,0,,,1,0,False,,blocked_by_model_b
patch_45001_no_ignition_nan_20200815.npz,/mnt/work/wildfire/test_sets/paired_negative_heavy_1km/patch_45001_no_ignition_nan_20200815.npz,,0.00000003,0,,,1,0,False,,blocked_by_model_b
patch_45002_no_ignition_nan_20200815.npz,/mnt/work/wildfire/test_sets/paired_negative_heavy_1km/patch_45002_no_ignition_nan_20200815.npz,,0.00769746,0,,,1,0,False,,blocked_by_model_b
patch_45003_no_ignition_nan_20200815.npz,/mnt/work/wildfire/test_sets/paired_negative_heavy_1km/patch_45003_no_ignition_nan_20200815.npz,,0.00043917,0,,,1,0,False,,blocked_by_model_b
patch_45004_no_ignition_nan_20200815.npz,/mnt/work/wildfire/test_sets/paired_negative_heavy_1km/patch_45004_no_ignition_nan_20200815.npz,,0.00000001,0,,,1,0,False,,blocked_by_model_b
patch_45005_no_ignition_nan_20200815.npz,/mnt/work/wildfire/test_sets/paired_negative_heavy_1km/patch_45005_no_ignition_nan_20200815.npz,,0.00000000,0,,,1,0,False,,blocked_by_model_b
patch_45006_no_ignition_nan_20200815.npz,/mnt/work/wildfire/test_sets/paired_negative_heavy_1km/patch_45006_no_ignition_nan_20200815.npz,,0.00000000,0,,,1,0,False,,blocked_by_model_b
patch_45007_no_ignition_nan_20200815.npz,/mnt/work/wildfire/test_sets/paired_negative_heavy_1km/patch_45007_no_ignition_nan_20200815.npz,,0.00413396,0,,,1,0,False,,blocked_by_model_b
patch_45008_no_ignition_nan_20200815.npz,/mnt/work/wildfire/test_sets/paired_negative_heavy_1km/patch_45008_no_ignition_nan_20200815.npz,,0.00000000,0,,,1,0,False,,blocked_by_model_b
patch_45009_no_ignition_nan_20200815.npz,/mnt/work/wildfire/test_sets/paired_negative_heavy_1km/patch_45009_no_ignition_nan_20200815.npz,,0.00000001,0,,,1,0,False,,blocked_by_model_b
patch_45010_no_ignition_nan_20200815.npz,/mnt/work/wildfire/test_sets/paired_negative_heavy_1km/patch_45010_no_ignition_nan_20200815.npz,,0.00000120,0,,,1,0,False,,blocked_by_model_b
patch_45011_no_ignition_nan_20200815.npz,/mnt/work/wildfire/test_sets/paired_negative_heavy_1km/patch_45011_no_ignition_nan_20200815.npz,,0.17988478,0,,,1,0,False,,blocked_by_model_b
patch_45012_no_ignition_nan_20200815.npz,/mnt/work/wildfire/test_sets/paired_negative_heavy_1km/patch_45012_no_ignition_nan_20200815.npz,/mnt/work/wildfire/test_sets/paired_negative_heavy_25m/patch_45012_no_ignition_nan_20200815.npz,0.23040000,1,0.52865577,1,1,1,False,False,completed
patch_45013_no_ignition_nan_20200815.npz,/mnt/work/wildfire/test_sets/paired_negative_heavy_1km/patch_45013_no_ignition_nan_20200815.npz,,0.00008056,0,,,1,0,False,,blocked_by_model_b
patch_45014_no_ignition_nan_20200815.npz,/mnt/work/wildfire/test_sets/paired_negative_heavy_1km/patch_45014_no_ignition_nan_20200815.npz,,0.00000000,0,,,1,0,False,,blocked_by_model_b
patch_45015_no_ignition_nan_20200815.npz,/mnt/work/wildfire/test_sets/paired_negative_heavy_1km/patch_45015_no_ignition_nan_20200815.npz,,0.00000000,0,,,1,0,False,,blocked_by_model_b
patch_45016_no_ignition_nan_20200815.npz,/mnt/work/wildfire/test_sets/paired_negative_heavy_1km/patch_45016_no_ignition_nan_20200815.npz,,0.00006851,0,,,1,0,False,,blocked_by_model_b
patch_45017_no_ignition_nan_20200815.npz,/mnt/work/wildfire/test_sets/paired_negative_heavy_1km/patch_45017_no_ignition_nan_20200815.npz,,0.00042091,0,,,1,0,False,,blocked_by_model_b
patch_45018_no_ignition_nan_20200815.npz,/mnt/work/wildfire/test_sets/paired_negative_heavy_1km/patch_45018_no_ignition_nan_20200815.npz,,0.00167543,0,,,1,0,False,,blocked_by_model_b
patch_45019_no_ignition_nan_20200815.npz,/mnt/work/wildfire/test_sets/paired_negative_heavy_1km/patch_45019_no_ignition_nan_20200815.npz,,0.00000249,0,,,1,0,False,,blocked_by_model_b
patch_45020_no_ignition_nan_20200815.npz,/mnt/work/wildfire/test_sets/paired_negative_heavy_1km/patch_45020_no_ignition_nan_20200815.npz,,0.00000065,0,,,1,0,False,,blocked_by_model_b
patch_45021_no_ignition_nan_20200815.npz,/mnt/work/wildfire/test_sets/paired_negative_heavy_1km/patch_45021_no_ignition_nan_20200815.npz,/mnt/work/wildfire/test_sets/paired_negative_heavy_25m/patch_45021_no_ignition_nan_20200815.npz,0.41400120,1,0.63698012,1,1,1,False,False,completed
patch_45022_no_ignition_nan_20200815.npz,/mnt/work/wildfire/test_sets/paired_negative_heavy_1km/patch_45022_no_ignition_nan_20200815.npz,,0.00000000,0,,,1,0,False,,blocked_by_model_b
patch_45023_no_ignition_nan_20200815.npz,/mnt/work/wildfire/test_sets/paired_negative_heavy_1km/patch_45023_no_ignition_nan_20200815.npz,,0.00665951,0,,,1,0,False,,blocked_by_model_b
patch_45024_no_ignition_nan_20200815.npz,/mnt/work/wildfire/test_sets/paired_negative_heavy_1km/patch_45024_no_ignition_nan_20200815.npz,,0.00000006,0,,,1,0,False,,blocked_by_model_b
patch_45025_no_ignition_nan_20200815.npz,/mnt/work/wildfire/test_sets/paired_negative_heavy_1km/patch_45025_no_ignition_nan_20200815.npz,,0.00000002,0,,,1,0,False,,blocked_by_model_b
patch_45026_no_ignition_nan_20200815.npz,/mnt/work/wildfire/test_sets/paired_negative_heavy_1km/patch_45026_no_ignition_nan_20200815.npz,,0.00000001,0,,,1,0,False,,blocked_by_model_b
patch_45027_no_ignition_nan_20200915.npz,/mnt/work/wildfire/test_sets/paired_negative_heavy_1km/patch_45027_no_ignition_nan_20200915.npz,,0.00000000,0,,,1,0,False,,blocked_by_model_b
patch_45028_no_ignition_nan_20200915.npz,/mnt/work/wildfire/test_sets/paired_negative_heavy_1km/patch_45028_no_ignition_nan_20200915.npz,,0.00207899,0,,,1,0,False,,blocked_by_model_b
patch_45029_no_ignition_nan_20200915.npz,/mnt/work/wildfire/test_sets/paired_negative_heavy_1km/patch_45029_no_ignition_nan_20200915.npz,,0.00000065,0,,,1,0,False,,blocked_by_model_b
patch_45030_no_ignition_nan_20200915.npz,/mnt/work/wildfire/test_sets/paired_negative_heavy_1km/patch_45030_no_ignition_nan_20200915.npz,,0.02201333,0,,,1,0,False,,blocked_by_model_b
patch_45031_no_ignition_nan_20200915.npz,/mnt/work/wildfire/test_sets/paired_negative_heavy_1km/patch_45031_no_ignition_nan_20200915.npz,,0.00000029,0,,,1,0,False,,blocked_by_model_b
patch_45032_no_ignition_nan_20200915.npz,/mnt/work/wildfire/test_sets/paired_negative_heavy_1km/patch_45032_no_ignition_nan_20200915.npz,,0.00000000,0,,,1,0,False,,blocked_by_model_b
patch_45033_no_ignition_nan_20200915.npz,/mnt/work/wildfire/test_sets/paired_negative_heavy_1km/patch_45033_no_ignition_nan_20200915.npz,,0.00556735,0,,,1,0,False,,blocked_by_model_b
patch_45034_no_ignition_nan_20200915.npz,/mnt/work/wildfire/test_sets/paired_negative_heavy_1km/patch_45034_no_ignition_nan_20200915.npz,,0.00000000,0,,,1,0,False,,blocked_by_model_b
patch_45035_no_ignition_nan_20200915.npz,/mnt/work/wildfire/test_sets/paired_negative_heavy_1km/patch_45035_no_ignition_nan_20200915.npz,,0.00000000,0,,,1,0,False,,blocked_by_model_b
patch_45036_no_ignition_nan_20200915.npz,/mnt/work/wildfire/test_sets/paired_negative_heavy_1km/patch_45036_no_ignition_nan_20200915.npz,,0.00000008,0,,,1,0,False,,blocked_by_model_b
patch_45037_no_ignition_nan_20200915.npz,/mnt/work/wildfire/test_sets/paired_negative_heavy_1km/patch_45037_no_ignition_nan_20200915.npz,,0.00000000,0,,,1,0,False,,blocked_by_model_b
patch_45038_no_ignition_nan_20200915.npz,/mnt/work/wildfire/test_sets/paired_negative_heavy_1km/patch_45038_no_ignition_nan_20200915.npz,,0.00004450,0,,,1,0,False,,blocked_by_model_b
patch_45039_no_ignition_nan_20200915.npz,/mnt/work/wildfire/test_sets/paired_negative_heavy_1km/patch_45039_no_ignition_nan_20200915.npz,,0.00000273,0,,,1,0,False,,blocked_by_model_b
patch_45040_no_ignition_nan_20200915.npz,/mnt/work/wildfire/test_sets/paired_negative_heavy_1km/patch_45040_no_ignition_nan_20200915.npz,,0.00000000,0,,,1,0,False,,blocked_by_model_b
patch_45041_no_ignition_nan_20200915.npz,/mnt/work/wildfire/test_sets/paired_negative_heavy_1km/patch_45041_no_ignition_nan_20200915.npz,,0.00000001,0,,,1,0,False,,blocked_by_model_b
patch_45042_no_ignition_nan_20200915.npz,/mnt/work/wildfire/test_sets/paired_negative_heavy_1km/patch_45042_no_ignition_nan_20200915.npz,,0.00000504,0,,,1,0,False,,blocked_by_model_b
patch_45043_no_ignition_nan_20200915.npz,/mnt/work/wildfire/test_sets/paired_negative_heavy_1km/patch_45043_no_ignition_nan_20200915.npz,,0.00034740,0,,,1,0,False,,blocked_by_model_b
patch_45044_no_ignition_nan_20200915.npz,/mnt/work/wildfire/test_sets/paired_negative_heavy_1km/patch_45044_no_ignition_nan_20200915.npz,,0.00000000,0,,,1,0,False,,blocked_by_model_b
patch_45045_no_ignition_nan_20200915.npz,/mnt/work/wildfire/test_sets/paired_negative_heavy_1km/patch_45045_no_ignition_nan_20200915.npz,,0.00000000,0,,,1,0,False,,blocked_by_model_b
patch_45046_no_ignition_nan_20200915.npz,/mnt/work/wildfire/test_sets/paired_negative_heavy_1km/patch_45046_no_ignition_nan_20200915.npz,,0.00007705,0,,,1,0,False,,blocked_by_model_b
patch_45047_no_ignition_nan_20200915.npz,/mnt/work/wildfire/test_sets/paired_negative_heavy_1km/patch_45047_no_ignition_nan_20200915.npz,,0.00000000,0,,,1,0,False,,blocked_by_model_b
patch_45048_no_ignition_nan_20200915.npz,/mnt/work/wildfire/test_sets/paired_negative_heavy_1km/patch_45048_no_ignition_nan_20200915.npz,,0.01078749,0,,,1,0,False,,blocked_by_model_b
patch_45049_no_ignition_nan_20200915.npz,/mnt/work/wildfire/test_sets/paired_negative_heavy_1km/patch_45049_no_ignition_nan_20200915.npz,,0.00023602,0,,,1,0,False,,blocked_by_model_b
patch_45050_no_ignition_nan_20200915.npz,/mnt/work/wildfire/test_sets/paired_negative_heavy_1km/patch_45050_no_ignition_nan_20200915.npz,,0.00000766,0,,,1,0,False,,blocked_by_model_b
patch_45051_no_ignition_nan_20200915.npz,/mnt/work/wildfire/test_sets/paired_negative_heavy_1km/patch_45051_no_ignition_nan_20200915.npz,,0.07457705,0,,,1,0,False,,blocked_by_model_b
patch_45052_no_ignition_nan_20200915.npz,/mnt/work/wildfire/test_sets/paired_negative_heavy_1km/patch_45052_no_ignition_nan_20200915.npz,,0.00000001,0,,,1,0,False,,blocked_by_model_b
patch_45053_no_ignition_nan_20200915.npz,/mnt/work/wildfire/test_sets/paired_negative_heavy_1km/patch_45053_no_ignition_nan_20200915.npz,,0.00054907,0,,,1,0,False,,blocked_by_model_b
patch_45054_no_ignition_nan_20200915.npz,/mnt/work/wildfire/test_sets/paired_negative_heavy_1km/patch_45054_no_ignition_nan_20200915.npz,,0.00131731,0,,,1,0,False,,blocked_by_model_b
patch_45055_no_ignition_nan_20200915.npz,/mnt/work/wildfire/test_sets/paired_negative_heavy_1km/patch_45055_no_ignition_nan_20200915.npz,,0.00000000,0,,,1,0,False,,blocked_by_model_b
patch_45056_no_ignition_nan_20200915.npz,/mnt/work/wildfire/test_sets/paired_negative_heavy_1km/patch_45056_no_ignition_nan_20200915.npz,,0.00013123,0,,,1,0,False,,blocked_by_model_b
patch_45057_no_ignition_nan_20200915.npz,/mnt/work/wildfire/test_sets/paired_negative_heavy_1km/patch_45057_no_ignition_nan_20200915.npz,,0.00000000,0,,,1,0,False,,blocked_by_model_b
patch_45058_no_ignition_nan_20200915.npz,/mnt/work/wildfire/test_sets/paired_negative_heavy_1km/patch_45058_no_ignition_nan_20200915.npz,,0.00000001,0,,,1,0,False,,blocked_by_model_b
patch_45059_no_ignition_nan_20200915.npz,/mnt/work/wildfire/test_sets/paired_negative_heavy_1km/patch_45059_no_ignition_nan_20200915.npz,,0.00000000,0,,,1,0,False,,blocked_by_model_b
patch_45060_no_ignition_nan_20200915.npz,/mnt/work/wildfire/test_sets/paired_negative_heavy_1km/patch_45060_no_ignition_nan_20200915.npz,,0.00030189,0,,,1,0,False,,blocked_by_model_b
patch_45061_no_ignition_nan_20200915.npz,/mnt/work/wildfire/test_sets/paired_negative_heavy_1km/patch_45061_no_ignition_nan_20200915.npz,,0.00000011,0,,,1,0,False,,blocked_by_model_b
patch_45062_no_ignition_nan_20200915.npz,/mnt/work/wildfire/test_sets/paired_negative_heavy_1km/patch_45062_no_ignition_nan_20200915.npz,,0.00004912,0,,,1,0,False,,blocked_by_model_b
patch_45063_no_ignition_nan_20200915.npz,/mnt/work/wildfire/test_sets/paired_negative_heavy_1km/patch_45063_no_ignition_nan_20200915.npz,,0.00000001,0,,,1,0,False,,blocked_by_model_b
patch_45064_no_ignition_nan_20200915.npz,/mnt/work/wildfire/test_sets/paired_negative_heavy_1km/patch_45064_no_ignition_nan_20200915.npz,,0.00061078,0,,,1,0,False,,blocked_by_model_b
patch_45065_no_ignition_nan_20200915.npz,/mnt/work/wildfire/test_sets/paired_negative_heavy_1km/patch_45065_no_ignition_nan_20200915.npz,,0.00000000,0,,,1,0,False,,blocked_by_model_b
patch_45066_no_ignition_nan_20200915.npz,/mnt/work/wildfire/test_sets/paired_negative_heavy_1km/patch_45066_no_ignition_nan_20200915.npz,,0.00000000,0,,,1,0,False,,blocked_by_model_b
patch_45067_no_ignition_nan_20200915.npz,/mnt/work/wildfire/test_sets/paired_negative_heavy_1km/patch_45067_no_ignition_nan_20200915.npz,,0.00000000,0,,,1,0,False,,blocked_by_model_b
patch_45068_no_ignition_nan_20200915.npz,/mnt/work/wildfire/test_sets/paired_negative_heavy_1km/patch_45068_no_ignition_nan_20200915.npz,,0.00002148,0,,,1,0,False,,blocked_by_model_b
patch_45069_no_ignition_nan_20200915.npz,/mnt/work/wildfire/test_sets/paired_negative_heavy_1km/patch_45069_no_ignition_nan_20200915.npz,,0.00000000,0,,,1,0,False,,blocked_by_model_b
patch_45070_no_ignition_nan_20200915.npz,/mnt/work/wildfire/test_sets/paired_negative_heavy_1km/patch_45070_no_ignition_nan_20200915.npz,,0.00002990,0,,,1,0,False,,blocked_by_model_b
patch_45071_no_ignition_nan_20200915.npz,/mnt/work/wildfire/test_sets/paired_negative_heavy_1km/patch_45071_no_ignition_nan_20200915.npz,,0.00005546,0,,,1,0,False,,blocked_by_model_b
patch_45072_no_ignition_nan_20200915.npz,/mnt/work/wildfire/test_sets/paired_negative_heavy_1km/patch_45072_no_ignition_nan_20200915.npz,,0.00000000,0,,,1,0,False,,blocked_by_model_b
patch_45073_no_ignition_nan_20200915.npz,/mnt/work/wildfire/test_sets/paired_negative_heavy_1km/patch_45073_no_ignition_nan_20200915.npz,,0.00000257,0,,,1,0,False,,blocked_by_model_b
patch_45074_no_ignition_nan_20200915.npz,/mnt/work/wildfire/test_sets/paired_negative_heavy_1km/patch_45074_no_ignition_nan_20200915.npz,,0.00000000,0,,,1,0,False,,blocked_by_model_b
patch_45075_no_ignition_nan_20200915.npz,/mnt/work/wildfire/test_sets/paired_negative_heavy_1km/patch_45075_no_ignition_nan_20200915.npz,,0.00000000,0,,,1,0,False,,blocked_by_model_b
patch_45076_no_ignition_nan_20200915.npz,/mnt/work/wildfire/test_sets/paired_negative_heavy_1km/patch_45076_no_ignition_nan_20200915.npz,,0.00005912,0,,,1,0,False,,blocked_by_model_b
patch_45077_no_ignition_nan_20200915.npz,/mnt/work/wildfire/test_sets/paired_negative_heavy_1km/patch_45077_no_ignition_nan_20200915.npz,,0.00002996,0,,,1,0,False,,blocked_by_model_b
patch_45078_no_ignition_nan_20200915.npz,/mnt/work/wildfire/test_sets/paired_negative_heavy_1km/patch_45078_no_ignition_nan_20200915.npz,,0.00000001,0,,,1,0,False,,blocked_by_model_b
patch_45079_no_ignition_nan_20200915.npz,/mnt/work/wildfire/test_sets/paired_negative_heavy_1km/patch_45079_no_ignition_nan_20200915.npz,,0.00000001,0,,,1,0,False,,blocked_by_model_b
patch_45080_no_ignition_nan_20200915.npz,/mnt/work/wildfire/test_sets/paired_negative_heavy_1km/patch_45080_no_ignition_nan_20200915.npz,,0.00000000,0,,,1,0,False,,blocked_by_model_b
patch_45081_no_ignition_nan_20200915.npz,/mnt/work/wildfire/test_sets/paired_negative_heavy_1km/patch_45081_no_ignition_nan_20200915.npz,,0.00000000,0,,,1,0,False,,blocked_by_model_b
patch_45082_no_ignition_nan_20200915.npz,/mnt/work/wildfire/test_sets/paired_negative_heavy_1km/patch_45082_no_ignition_nan_20200915.npz,,0.00000000,0,,,1,0,False,,blocked_by_model_b
patch_45083_no_ignition_nan_20200915.npz,/mnt/work/wildfire/test_sets/paired_negative_heavy_1km/patch_45083_no_ignition_nan_20200915.npz,,0.00008079,0,,,1,0,False,,blocked_by_model_b
patch_45084_no_ignition_nan_20200915.npz,/mnt/work/wildfire/test_sets/paired_negative_heavy_1km/patch_45084_no_ignition_nan_20200915.npz,,0.00002372,0,,,1,0,False,,blocked_by_model_b
patch_45085_no_ignition_nan_20200915.npz,/mnt/work/wildfire/test_sets/paired_negative_heavy_1km/patch_45085_no_ignition_nan_20200915.npz,,0.00000001,0,,,1,0,False,,blocked_by_model_b
patch_45086_no_ignition_nan_20200915.npz,/mnt/work/wildfire/test_sets/paired_negative_heavy_1km/patch_45086_no_ignition_nan_20200915.npz,,0.00000030,0,,,1,0,False,,blocked_by_model_b
patch_45087_no_ignition_nan_20200915.npz,/mnt/work/wildfire/test_sets/paired_negative_heavy_1km/patch_45087_no_ignition_nan_20200915.npz,,0.00000003,0,,,1,0,False,,blocked_by_model_b
patch_45088_no_ignition_nan_20200915.npz,/mnt/work/wildfire/test_sets/paired_negative_heavy_1km/patch_45088_no_ignition_nan_20200915.npz,,0.00002949,0,,,1,0,False,,blocked_by_model_b
patch_45089_no_ignition_nan_20200915.npz,/mnt/work/wildfire/test_sets/paired_negative_heavy_1km/patch_45089_no_ignition_nan_20200915.npz,,0.00053333,0,,,1,0,False,,blocked_by_model_b
patch_45090_no_ignition_nan_20200915.npz,/mnt/work/wildfire/test_sets/paired_negative_heavy_1km/patch_45090_no_ignition_nan_20200915.npz,,0.01936199,0,,,1,0,False,,blocked_by_model_b
patch_45091_no_ignition_nan_20200915.npz,/mnt/work/wildfire/test_sets/paired_negative_heavy_1km/patch_45091_no_ignition_nan_20200915.npz,,0.00000000,0,,,1,0,False,,blocked_by_model_b
patch_45092_no_ignition_nan_20200915.npz,/mnt/work/wildfire/test_sets/paired_negative_heavy_1km/patch_45092_no_ignition_nan_20200915.npz,,0.01100492,0,,,1,0,False,,blocked_by_model_b
patch_45093_no_ignition_nan_20200915.npz,/mnt/work/wildfire/test_sets/paired_negative_heavy_1km/patch_45093_no_ignition_nan_20200915.npz,,0.00000064,0,,,1,0,False,,blocked_by_model_b
patch_45094_no_ignition_nan_20200915.npz,/mnt/work/wildfire/test_sets/paired_negative_heavy_1km/patch_45094_no_ignition_nan_20200915.npz,,0.00000000,0,,,1,0,False,,blocked_by_model_b
patch_45095_no_ignition_nan_20200915.npz,/mnt/work/wildfire/test_sets/paired_negative_heavy_1km/patch_45095_no_ignition_nan_20200915.npz,,0.00000001,0,,,1,0,False,,blocked_by_model_b
patch_45096_no_ignition_nan_20200915.npz,/mnt/work/wildfire/test_sets/paired_negative_heavy_1km/patch_45096_no_ignition_nan_20200915.npz,,0.00013538,0,,,1,0,False,,blocked_by_model_b
patch_45097_no_ignition_nan_20200915.npz,/mnt/work/wildfire/test_sets/paired_negative_heavy_1km/patch_45097_no_ignition_nan_20200915.npz,,0.00000795,0,,,1,0,False,,blocked_by_model_b
patch_45098_no_ignition_nan_20200915.npz,/mnt/work/wildfire/test_sets/paired_negative_heavy_1km/patch_45098_no_ignition_nan_20200915.npz,,0.00158456,0,,,1,0,False,,blocked_by_model_b
patch_45099_no_ignition_nan_20200915.npz,/mnt/work/wildfire/test_sets/paired_negative_heavy_1km/patch_45099_no_ignition_nan_20200915.npz,,0.00631739,0,,,1,0,False,,blocked_by_model_b
patch_45100_no_ignition_nan_20200915.npz,/mnt/work/wildfire/test_sets/paired_negative_heavy_1km/patch_45100_no_ignition_nan_20200915.npz,,0.00000318,0,,,1,0,False,,blocked_by_model_b
patch_45101_no_ignition_nan_20200915.npz,/mnt/work/wildfire/test_sets/paired_negative_heavy_1km/patch_45101_no_ignition_nan_20200915.npz,,0.00002689,0,,,1,0,False,,blocked_by_model_b
patch_45102_no_ignition_nan_20201015.npz,/mnt/work/wildfire/test_sets/paired_negative_heavy_1km/patch_45102_no_ignition_nan_20201015.npz,,0.00000049,0,,,1,0,False,,blocked_by_model_b
patch_45103_no_ignition_nan_20201015.npz,/mnt/work/wildfire/test_sets/paired_negative_heavy_1km/patch_45103_no_ignition_nan_20201015.npz,,0.00000000,0,,,1,0,False,,blocked_by_model_b
patch_45104_no_ignition_nan_20201015.npz,/mnt/work/wildfire/test_sets/paired_negative_heavy_1km/patch_45104_no_ignition_nan_20201015.npz,,0.00043922,0,,,1,0,False,,blocked_by_model_b
patch_45105_no_ignition_nan_20201015.npz,/mnt/work/wildfire/test_sets/paired_negative_heavy_1km/patch_45105_no_ignition_nan_20201015.npz,,0.00000003,0,,,1,0,False,,blocked_by_model_b
patch_45106_no_ignition_nan_20201015.npz,/mnt/work/wildfire/test_sets/paired_negative_heavy_1km/patch_45106_no_ignition_nan_20201015.npz,,0.00000001,0,,,1,0,False,,blocked_by_model_b
patch_45107_no_ignition_nan_20201015.npz,/mnt/work/wildfire/test_sets/paired_negative_heavy_1km/patch_45107_no_ignition_nan_20201015.npz,,0.00000000,0,,,1,0,False,,blocked_by_model_b
patch_45108_no_ignition_nan_20201015.npz,/mnt/work/wildfire/test_sets/paired_negative_heavy_1km/patch_45108_no_ignition_nan_20201015.npz,,0.17228411,0,,,1,0,False,,blocked_by_model_b
patch_45109_no_ignition_nan_20201015.npz,/mnt/work/wildfire/test_sets/paired_negative_heavy_1km/patch_45109_no_ignition_nan_20201015.npz,,0.00000007,0,,,1,0,False,,blocked_by_model_b
patch_45110_no_ignition_nan_20201015.npz,/mnt/work/wildfire/test_sets/paired_negative_heavy_1km/patch_45110_no_ignition_nan_20201015.npz,,0.00000000,0,,,1,0,False,,blocked_by_model_b
patch_45111_no_ignition_nan_20201015.npz,/mnt/work/wildfire/test_sets/paired_negative_heavy_1km/patch_45111_no_ignition_nan_20201015.npz,,0.00000002,0,,,1,0,False,,blocked_by_model_b
patch_45112_no_ignition_nan_20201015.npz,/mnt/work/wildfire/test_sets/paired_negative_heavy_1km/patch_45112_no_ignition_nan_20201015.npz,,0.00000001,0,,,1,0,False,,blocked_by_model_b
patch_45113_no_ignition_nan_20201015.npz,/mnt/work/wildfire/test_sets/paired_negative_heavy_1km/patch_45113_no_ignition_nan_20201015.npz,,0.00000000,0,,,1,0,False,,blocked_by_model_b
patch_45114_no_ignition_nan_20201015.npz,/mnt/work/wildfire/test_sets/paired_negative_heavy_1km/patch_45114_no_ignition_nan_20201015.npz,,0.06321631,0,,,1,0,False,,blocked_by_model_b
patch_45115_no_ignition_nan_20201015.npz,/mnt/work/wildfire/test_sets/paired_negative_heavy_1km/patch_45115_no_ignition_nan_20201015.npz,,0.00000497,0,,,1,0,False,,blocked_by_model_b
patch_45116_no_ignition_nan_20201015.npz,/mnt/work/wildfire/test_sets/paired_negative_heavy_1km/patch_45116_no_ignition_nan_20201015.npz,,0.00000000,0,,,1,0,False,,blocked_by_model_b
patch_45117_no_ignition_nan_20201015.npz,/mnt/work/wildfire/test_sets/paired_negative_heavy_1km/patch_45117_no_ignition_nan_20201015.npz,,0.00007163,0,,,1,0,False,,blocked_by_model_b
patch_45118_no_ignition_nan_20201015.npz,/mnt/work/wildfire/test_sets/paired_negative_heavy_1km/patch_45118_no_ignition_nan_20201015.npz,,0.00000000,0,,,1,0,False,,blocked_by_model_b
patch_45119_no_ignition_nan_20201015.npz,/mnt/work/wildfire/test_sets/paired_negative_heavy_1km/patch_45119_no_ignition_nan_20201015.npz,,0.00010538,0,,,1,0,False,,blocked_by_model_b
patch_45120_no_ignition_nan_20201015.npz,/mnt/work/wildfire/test_sets/paired_negative_heavy_1km/patch_45120_no_ignition_nan_20201015.npz,,0.00000000,0,,,1,0,False,,blocked_by_model_b
patch_45121_no_ignition_nan_20201015.npz,/mnt/work/wildfire/test_sets/paired_negative_heavy_1km/patch_45121_no_ignition_nan_20201015.npz,,0.00350747,0,,,1,0,False,,blocked_by_model_b
patch_45122_no_ignition_nan_20201015.npz,/mnt/work/wildfire/test_sets/paired_negative_heavy_1km/patch_45122_no_ignition_nan_20201015.npz,,0.00000000,0,,,1,0,False,,blocked_by_model_b
patch_45123_no_ignition_nan_20201015.npz,/mnt/work/wildfire/test_sets/paired_negative_heavy_1km/patch_45123_no_ignition_nan_20201015.npz,,0.00000000,0,,,1,0,False,,blocked_by_model_b
patch_45124_no_ignition_nan_20201015.npz,/mnt/work/wildfire/test_sets/paired_negative_heavy_1km/patch_45124_no_ignition_nan_20201015.npz,,0.00400163,0,,,1,0,False,,blocked_by_model_b
patch_45125_no_ignition_nan_20201015.npz,/mnt/work/wildfire/test_sets/paired_negative_heavy_1km/patch_45125_no_ignition_nan_20201015.npz,,0.05642399,0,,,1,0,False,,blocked_by_model_b
patch_45126_no_ignition_nan_20201015.npz,/mnt/work/wildfire/test_sets/paired_negative_heavy_1km/patch_45126_no_ignition_nan_20201015.npz,,0.00005401,0,,,1,0,False,,blocked_by_model_b
patch_45127_no_ignition_nan_20201015.npz,/mnt/work/wildfire/test_sets/paired_negative_heavy_1km/patch_45127_no_ignition_nan_20201015.npz,,0.00000000,0,,,1,0,False,,blocked_by_model_b
patch_45128_no_ignition_nan_20201015.npz,/mnt/work/wildfire/test_sets/paired_negative_heavy_1km/patch_45128_no_ignition_nan_20201015.npz,,0.00037155,0,,,1,0,False,,blocked_by_model_b
patch_45129_no_ignition_nan_20201015.npz,/mnt/work/wildfire/test_sets/paired_negative_heavy_1km/patch_45129_no_ignition_nan_20201015.npz,,0.00000000,0,,,1,0,False,,blocked_by_model_b
patch_45130_no_ignition_nan_20201015.npz,/mnt/work/wildfire/test_sets/paired_negative_heavy_1km/patch_45130_no_ignition_nan_20201015.npz,,0.00000000,0,,,1,0,False,,blocked_by_model_b
patch_45131_no_ignition_nan_20201015.npz,/mnt/work/wildfire/test_sets/paired_negative_heavy_1km/patch_45131_no_ignition_nan_20201015.npz,,0.00000000,0,,,1,0,False,,blocked_by_model_b
patch_45132_no_ignition_nan_20201015.npz,/mnt/work/wildfire/test_sets/paired_negative_heavy_1km/patch_45132_no_ignition_nan_20201015.npz,,0.00357597,0,,,1,0,False,,blocked_by_model_b
patch_45133_no_ignition_nan_20201015.npz,/mnt/work/wildfire/test_sets/paired_negative_heavy_1km/patch_45133_no_ignition_nan_20201015.npz,,0.00111317,0,,,1,0,False,,blocked_by_model_b
patch_45134_no_ignition_nan_20201015.npz,/mnt/work/wildfire/test_sets/paired_negative_heavy_1km/patch_45134_no_ignition_nan_20201015.npz,,0.00000000,0,,,1,0,False,,blocked_by_model_b
patch_45135_no_ignition_nan_20201015.npz,/mnt/work/wildfire/test_sets/paired_negative_heavy_1km/patch_45135_no_ignition_nan_20201015.npz,,0.00157575,0,,,1,0,False,,blocked_by_model_b
patch_45136_no_ignition_nan_20201015.npz,/mnt/work/wildfire/test_sets/paired_negative_heavy_1km/patch_45136_no_ignition_nan_20201015.npz,,0.00299619,0,,,1,0,False,,blocked_by_model_b
patch_45137_no_ignition_nan_20201015.npz,/mnt/work/wildfire/test_sets/paired_negative_heavy_1km/patch_45137_no_ignition_nan_20201015.npz,,0.00000000,0,,,1,0,False,,blocked_by_model_b
patch_45138_no_ignition_nan_20201015.npz,/mnt/work/wildfire/test_sets/paired_negative_heavy_1km/patch_45138_no_ignition_nan_20201015.npz,,0.00000000,0,,,1,0,False,,blocked_by_model_b
patch_45139_no_ignition_nan_20201115.npz,/mnt/work/wildfire/test_sets/paired_negative_heavy_1km/patch_45139_no_ignition_nan_20201115.npz,,0.10473695,0,,,1,0,False,,blocked_by_model_b
patch_45140_no_ignition_nan_20201115.npz,/mnt/work/wildfire/test_sets/paired_negative_heavy_1km/patch_45140_no_ignition_nan_20201115.npz,,0.00002976,0,,,1,0,False,,blocked_by_model_b
patch_45141_no_ignition_nan_20201115.npz,/mnt/work/wildfire/test_sets/paired_negative_heavy_1km/patch_45141_no_ignition_nan_20201115.npz,,0.00000000,0,,,1,0,False,,blocked_by_model_b
patch_45142_no_ignition_nan_20201115.npz,/mnt/work/wildfire/test_sets/paired_negative_heavy_1km/patch_45142_no_ignition_nan_20201115.npz,,0.04206083,0,,,1,0,False,,blocked_by_model_b
patch_45143_no_ignition_nan_20201115.npz,/mnt/work/wildfire/test_sets/paired_negative_heavy_1km/patch_45143_no_ignition_nan_20201115.npz,,0.00000000,0,,,1,0,False,,blocked_by_model_b
patch_45144_no_ignition_nan_20201115.npz,/mnt/work/wildfire/test_sets/paired_negative_heavy_1km/patch_45144_no_ignition_nan_20201115.npz,,0.00006244,0,,,1,0,False,,blocked_by_model_b
patch_45145_no_ignition_nan_20201115.npz,/mnt/work/wildfire/test_sets/paired_negative_heavy_1km/patch_45145_no_ignition_nan_20201115.npz,,0.00000130,0,,,1,0,False,,blocked_by_model_b
patch_45146_no_ignition_nan_20201115.npz,/mnt/work/wildfire/test_sets/paired_negative_heavy_1km/patch_45146_no_ignition_nan_20201115.npz,,0.00000000,0,,,1,0,False,,blocked_by_model_b
patch_45147_no_ignition_nan_20201115.npz,/mnt/work/wildfire/test_sets/paired_negative_heavy_1km/patch_45147_no_ignition_nan_20201115.npz,,0.00000000,0,,,1,0,False,,blocked_by_model_b
patch_45148_no_ignition_nan_20201115.npz,/mnt/work/wildfire/test_sets/paired_negative_heavy_1km/patch_45148_no_ignition_nan_20201115.npz,,0.00000000,0,,,1,0,False,,blocked_by_model_b
patch_45149_no_ignition_nan_20201115.npz,/mnt/work/wildfire/test_sets/paired_negative_heavy_1km/patch_45149_no_ignition_nan_20201115.npz,,0.00000000,0,,,1,0,False,,blocked_by_model_b
patch_45150_no_ignition_nan_20201115.npz,/mnt/work/wildfire/test_sets/paired_negative_heavy_1km/patch_45150_no_ignition_nan_20201115.npz,,0.00606851,0,,,1,0,False,,blocked_by_model_b
patch_45151_no_ignition_nan_20201115.npz,/mnt/work/wildfire/test_sets/paired_negative_heavy_1km/patch_45151_no_ignition_nan_20201115.npz,,0.00427693,0,,,1,0,False,,blocked_by_model_b
patch_45152_no_ignition_nan_20201115.npz,/mnt/work/wildfire/test_sets/paired_negative_heavy_1km/patch_45152_no_ignition_nan_20201115.npz,,0.00424803,0,,,1,0,False,,blocked_by_model_b
patch_45153_no_ignition_nan_20201215.npz,/mnt/work/wildfire/test_sets/paired_negative_heavy_1km/patch_45153_no_ignition_nan_20201215.npz,,0.00000000,0,,,1,0,False,,blocked_by_model_b
patch_45154_no_ignition_nan_20201215.npz,/mnt/work/wildfire/test_sets/paired_negative_heavy_1km/patch_45154_no_ignition_nan_20201215.npz,,0.02083705,0,,,1,0,False,,blocked_by_model_b
patch_45155_no_ignition_nan_20201215.npz,/mnt/work/wildfire/test_sets/paired_negative_heavy_1km/patch_45155_no_ignition_nan_20201215.npz,,0.00302541,0,,,1,0,False,,blocked_by_model_b
patch_45156_no_ignition_nan_20201215.npz,/mnt/work/wildfire/test_sets/paired_negative_heavy_1km/patch_45156_no_ignition_nan_20201215.npz,,0.00000219,0,,,1,0,False,,blocked_by_model_b
patch_45157_no_ignition_nan_20201215.npz,/mnt/work/wildfire/test_sets/paired_negative_heavy_1km/patch_45157_no_ignition_nan_20201215.npz,,0.00000109,0,,,1,0,False,,blocked_by_model_b
patch_45158_no_ignition_nan_20201215.npz,/mnt/work/wildfire/test_sets/paired_negative_heavy_1km/patch_45158_no_ignition_nan_20201215.npz,,0.00000035,0,,,1,0,False,,blocked_by_model_b
patch_45159_no_ignition_nan_20201215.npz,/mnt/work/wildfire/test_sets/paired_negative_heavy_1km/patch_45159_no_ignition_nan_20201215.npz,,0.00000000,0,,,1,0,False,,blocked_by_model_b
