filename,path_1km,path_25m,model_b_max_prob,model_b_passed,model_a_max_prob,model_a_positive_pixels,model_a_min_positive_pixels,final_positive,label_1km_positive,label_25m_positive,status
patch_19396_ignition_HWF002_20200427.npz,/mnt/work/wildfire/test_sets/paired_negative_heavy_1km/patch_19396_ignition_HWF002_20200427.npz,/mnt/work/wildfire/test_sets/paired_negative_heavy_25m/patch_19396_ignition_HWF002_20200427.npz,0.99300742,1,0.90296459,1,1,1,True,True,completed
patch_19403_ignition_CWF005_20200501.npz,/mnt/work/wildfire/test_sets/paired_negative_heavy_1km/patch_19403_ignition_CWF005_20200501.npz,/mnt/work/wildfire/test_sets/paired_negative_heavy_25m/patch_19403_ignition_CWF005_20200501.npz,0.96983308,1,0.83742446,1,1,1,True,True,completed
patch_19404_ignition_PWF005_20200315.npz,/mnt/work/wildfire/test_sets/paired_negative_heavy_1km/patch_19404_ignition_PWF005_20200315.npz,/mnt/work/wildfire/test_sets/paired_negative_heavy_25m/patch_19404_ignition_PWF005_20200315.npz,0.99999785,1,0.93221462,1,1,1,True,True,completed
patch_19453_ignition_RWF011_20200505.npz,/mnt/work/wildfire/test_sets/paired_negative_heavy_1km/patch_19453_ignition_RWF011_20200505.npz,/mnt/work/wildfire/test_sets/paired_negative_heavy_25m/patch_19453_ignition_RWF011_20200505.npz,0.93732363,1,0.87374872,1,1,1,True,True,completed
patch_19456_ignition_HWF008_20200506.npz,/mnt/work/wildfire/test_sets/paired_negative_heavy_1km/patch_19456_ignition_HWF008_20200506.npz,/mnt/work/wildfire/test_sets/paired_negative_heavy_25m/patch_19456_ignition_HWF008_20200506.npz,0.99277347,1,0.95056468,1,1,1,True,True,completed
patch_19458_ignition_GWF010_20200506.npz,/mnt/work/wildfire/test_sets/paired_negative_heavy_1km/patch_19458_ignition_GWF010_20200506.npz,/mnt/work/wildfire/test_sets/paired_negative_heavy_25m/patch_19458_ignition_GWF010_20200506.npz,0.66424119,1,0.64845824,1,1,1,True,True,completed
patch_19489_ignition_LWF010_20200115.npz,/mnt/work/wildfire/test_sets/paired_negative_heavy_1km/patch_19489_ignition_LWF010_20200115.npz,/mnt/work/wildfire/test_sets/paired_negative_heavy_25m/patch_19489_ignition_LWF010_20200115.npz,1.00000000,1,0.98662424,1,1,1,True,True,completed
patch_19490_ignition_LWF054_20200507.npz,/mnt/work/wildfire/test_sets/paired_negative_heavy_1km/patch_19490_ignition_LWF054_20200507.npz,/mnt/work/wildfire/test_sets/paired_negative_heavy_25m/patch_19490_ignition_LWF054_20200507.npz,0.99859089,1,0.95437294,1,1,1,True,True,completed
patch_19509_ignition_LWF018_20200429.npz,/mnt/work/wildfire/test_sets/paired_negative_heavy_1km/patch_19509_ignition_LWF018_20200429.npz,/mnt/work/wildfire/test_sets/paired_negative_heavy_25m/patch_19509_ignition_LWF018_20200429.npz,0.99999976,1,0.96326661,1,1,1,True,True,completed
patch_19539_ignition_CWF020_20200518.npz,/mnt/work/wildfire/test_sets/paired_negative_heavy_1km/patch_19539_ignition_CWF020_20200518.npz,/mnt/work/wildfire/test_sets/paired_negative_heavy_25m/patch_19539_ignition_CWF020_20200518.npz,0.98402047,1,0.85463166,1,1,1,True,True,completed
patch_19560_ignition_LWF044_20200505.npz,/mnt/work/wildfire/test_sets/paired_negative_heavy_1km/patch_19560_ignition_LWF044_20200505.npz,/mnt/work/wildfire/test_sets/paired_negative_heavy_25m/patch_19560_ignition_LWF044_20200505.npz,0.77735305,1,0.78336060,1,1,1,True,True,completed
patch_19586_ignition_RWF026_20200520.npz,/mnt/work/wildfire/test_sets/paired_negative_heavy_1km/patch_19586_ignition_RWF026_20200520.npz,/mnt/work/wildfire/test_sets/paired_negative_heavy_25m/patch_19586_ignition_RWF026_20200520.npz,0.99877149,1,0.92725152,1,1,1,True,True,completed
patch_19618_ignition_RWF014_20200514.npz,/mnt/work/wildfire/test_sets/paired_negative_heavy_1km/patch_19618_ignition_RWF014_20200514.npz,,0.23134473,0,,,1,0,True,,blocked_by_model_b
patch_19622_ignition_RWF017_20200515.npz,/mnt/work/wildfire/test_sets/paired_negative_heavy_1km/patch_19622_ignition_RWF017_20200515.npz,/mnt/work/wildfire/test_sets/paired_negative_heavy_25m/patch_19622_ignition_RWF017_20200515.npz,0.99615616,1,0.83566791,1,1,1,True,True,completed
patch_19624_ignition_CWF014_20200516.npz,/mnt/work/wildfire/test_sets/paired_negative_heavy_1km/patch_19624_ignition_CWF014_20200516.npz,/mnt/work/wildfire/test_sets/paired_negative_heavy_25m/patch_19624_ignition_CWF014_20200516.npz,0.98403835,1,0.80560350,1,1,1,True,True,completed
patch_19645_ignition_PWF022_20200611.npz,/mnt/work/wildfire/test_sets/paired_negative_heavy_1km/patch_19645_ignition_PWF022_20200611.npz,/mnt/work/wildfire/test_sets/paired_negative_heavy_25m/patch_19645_ignition_PWF022_20200611.npz,0.74151230,1,0.79139400,1,1,1,True,True,completed
patch_19666_ignition_PWF018_20200510.npz,/mnt/work/wildfire/test_sets/paired_negative_heavy_1km/patch_19666_ignition_PWF018_20200510.npz,/mnt/work/wildfire/test_sets/paired_negative_heavy_25m/patch_19666_ignition_PWF018_20200510.npz,0.51684397,1,0.81631929,1,1,1,True,True,completed
patch_19672_ignition_EWF016_20200519.npz,/mnt/work/wildfire/test_sets/paired_negative_heavy_1km/patch_19672_ignition_EWF016_20200519.npz,/mnt/work/wildfire/test_sets/paired_negative_heavy_25m/patch_19672_ignition_EWF016_20200519.npz,0.55994123,1,0.78280973,1,1,1,True,True,completed
patch_19743_ignition_CWF047_20200507.npz,/mnt/work/wildfire/test_sets/paired_negative_heavy_1km/patch_19743_ignition_CWF047_20200507.npz,,0.20457304,0,,,1,0,True,,blocked_by_model_b
patch_19766_ignition_HWF023_20200612.npz,/mnt/work/wildfire/test_sets/paired_negative_heavy_1km/patch_19766_ignition_HWF023_20200612.npz,/mnt/work/wildfire/test_sets/paired_negative_heavy_25m/patch_19766_ignition_HWF023_20200612.npz,0.44124690,1,0.70700502,1,1,1,True,True,completed
patch_19770_ignition_MWF017_20200727.npz,/mnt/work/wildfire/test_sets/paired_negative_heavy_1km/patch_19770_ignition_MWF017_20200727.npz,/mnt/work/wildfire/test_sets/paired_negative_heavy_25m/patch_19770_ignition_MWF017_20200727.npz,0.99588305,1,0.94040084,1,1,1,True,True,completed
patch_19779_ignition_EWF037_20200806.npz,/mnt/work/wildfire/test_sets/paired_negative_heavy_1km/patch_19779_ignition_EWF037_20200806.npz,/mnt/work/wildfire/test_sets/paired_negative_heavy_25m/patch_19779_ignition_EWF037_20200806.npz,0.92736048,1,0.86582297,1,1,1,True,True,completed
patch_19799_ignition_WWF026_20200806.npz,/mnt/work/wildfire/test_sets/paired_negative_heavy_1km/patch_19799_ignition_WWF026_20200806.npz,,0.27432999,0,,,1,0,True,,blocked_by_model_b
patch_19852_ignition_HWF030_20200627.npz,/mnt/work/wildfire/test_sets/paired_negative_heavy_1km/patch_19852_ignition_HWF030_20200627.npz,/mnt/work/wildfire/test_sets/paired_negative_heavy_25m/patch_19852_ignition_HWF030_20200627.npz,0.58454740,1,0.70289791,1,1,1,True,True,completed
patch_19853_ignition_HWF031_20200627.npz,/mnt/work/wildfire/test_sets/paired_negative_heavy_1km/patch_19853_ignition_HWF031_20200627.npz,/mnt/work/wildfire/test_sets/paired_negative_heavy_25m/patch_19853_ignition_HWF031_20200627.npz,0.88221574,1,0.80762088,1,1,1,True,True,completed
patch_19885_ignition_SWF055_20200818.npz,/mnt/work/wildfire/test_sets/paired_negative_heavy_1km/patch_19885_ignition_SWF055_20200818.npz,/mnt/work/wildfire/test_sets/paired_negative_heavy_25m/patch_19885_ignition_SWF055_20200818.npz,0.99999988,1,0.99148005,1,1,1,True,True,completed
patch_19901_ignition_EWF029_20200728.npz,/mnt/work/wildfire/test_sets/paired_negative_heavy_1km/patch_19901_ignition_EWF029_20200728.npz,/mnt/work/wildfire/test_sets/paired_negative_heavy_25m/patch_19901_ignition_EWF029_20200728.npz,0.94489825,1,0.84779888,1,1,1,True,True,completed
patch_19907_ignition_SWF059_20200818.npz,/mnt/work/wildfire/test_sets/paired_negative_heavy_1km/patch_19907_ignition_SWF059_20200818.npz,/mnt/work/wildfire/test_sets/paired_negative_heavy_25m/patch_19907_ignition_SWF059_20200818.npz,0.88054127,1,0.86712724,1,1,1,True,True,completed
patch_19950_ignition_PWF024_20200620.npz,/mnt/work/wildfire/test_sets/paired_negative_heavy_1km/patch_19950_ignition_PWF024_20200620.npz,/mnt/work/wildfire/test_sets/paired_negative_heavy_25m/patch_19950_ignition_PWF024_20200620.npz,0.92410588,1,0.73563755,1,1,1,True,True,completed
patch_19954_ignition_CWF118_20200816.npz,/mnt/work/wildfire/test_sets/paired_negative_heavy_1km/patch_19954_ignition_CWF118_20200816.npz,/mnt/work/wildfire/test_sets/paired_negative_heavy_25m/patch_19954_ignition_CWF118_20200816.npz,0.97875696,1,0.94803208,1,1,1,True,True,completed
patch_19955_ignition_RWF039_20200817.npz,/mnt/work/wildfire/test_sets/paired_negative_heavy_1km/patch_19955_ignition_RWF039_20200817.npz,/mnt/work/wildfire/test_sets/paired_negative_heavy_25m/patch_19955_ignition_RWF039_20200817.npz,0.98296714,1,0.82811421,1,1,1,True,True,completed
patch_19957_ignition_PWF040_20200818.npz,/mnt/work/wildfire/test_sets/paired_negative_heavy_1km/patch_19957_ignition_PWF040_20200818.npz,/mnt/work/wildfire/test_sets/paired_negative_heavy_25m/patch_19957_ignition_PWF040_20200818.npz,0.80144709,1,0.77110404,1,1,1,True,True,completed
patch_19959_ignition_PWF043_20200818.npz,/mnt/work/wildfire/test_sets/paired_negative_heavy_1km/patch_19959_ignition_PWF043_20200818.npz,/mnt/work/wildfire/test_sets/paired_negative_heavy_25m/patch_19959_ignition_PWF043_20200818.npz,0.52944291,1,0.71030766,1,1,1,True,True,completed
patch_19988_ignition_CWF097_20200808.npz,/mnt/work/wildfire/test_sets/paired_negative_heavy_1km/patch_19988_ignition_CWF097_20200808.npz,/mnt/work/wildfire/test_sets/paired_negative_heavy_25m/patch_19988_ignition_CWF097_20200808.npz,0.98743230,1,0.93245310,1,1,1,True,True,completed
patch_19990_ignition_CWF099_20200808.npz,/mnt/work/wildfire/test_sets/paired_negative_heavy_1km/patch_19990_ignition_CWF099_20200808.npz,/mnt/work/wildfire/test_sets/paired_negative_heavy_25m/patch_19990_ignition_CWF099_20200808.npz,0.94370383,1,0.87812722,1,1,1,True,True,completed
patch_20055_ignition_HWF046_20200808.npz,/mnt/work/wildfire/test_sets/paired_negative_heavy_1km/patch_20055_ignition_HWF046_20200808.npz,/mnt/work/wildfire/test_sets/paired_negative_heavy_25m/patch_20055_ignition_HWF046_20200808.npz,0.91142756,1,0.89583617,1,1,1,True,True,completed
patch_20057_ignition_CWF113_20200815.npz,/mnt/work/wildfire/test_sets/paired_negative_heavy_1km/patch_20057_ignition_CWF113_20200815.npz,/mnt/work/wildfire/test_sets/paired_negative_heavy_25m/patch_20057_ignition_CWF113_20200815.npz,0.96874911,1,0.95365137,1,1,1,True,True,completed
patch_20087_ignition_MWF002_20200307.npz,/mnt/work/wildfire/test_sets/paired_negative_heavy_1km/patch_20087_ignition_MWF002_20200307.npz,/mnt/work/wildfire/test_sets/paired_negative_heavy_25m/patch_20087_ignition_MWF002_20200307.npz,0.99843770,1,0.94534832,1,1,1,True,True,completed
patch_20125_ignition_EWF003_20200422.npz,/mnt/work/wildfire/test_sets/paired_negative_heavy_1km/patch_20125_ignition_EWF003_20200422.npz,/mnt/work/wildfire/test_sets/paired_negative_heavy_25m/patch_20125_ignition_EWF003_20200422.npz,0.88595724,1,0.76847357,1,1,1,True,True,completed
patch_20126_ignition_EWF004_20200423.npz,/mnt/work/wildfire/test_sets/paired_negative_heavy_1km/patch_20126_ignition_EWF004_20200423.npz,/mnt/work/wildfire/test_sets/paired_negative_heavy_25m/patch_20126_ignition_EWF004_20200423.npz,0.85723847,1,0.77485687,1,1,1,True,True,completed
patch_20222_ignition_WWF019_20200619.npz,/mnt/work/wildfire/test_sets/paired_negative_heavy_1km/patch_20222_ignition_WWF019_20200619.npz,/mnt/work/wildfire/test_sets/paired_negative_heavy_25m/patch_20222_ignition_WWF019_20200619.npz,0.79853547,1,0.81751138,1,1,1,True,True,completed
patch_20276_ignition_CWF055_20200705.npz,/mnt/work/wildfire/test_sets/paired_negative_heavy_1km/patch_20276_ignition_CWF055_20200705.npz,,0.01521580,0,,,1,0,True,,blocked_by_model_b
patch_20277_ignition_RWF031_20200705.npz,/mnt/work/wildfire/test_sets/paired_negative_heavy_1km/patch_20277_ignition_RWF031_20200705.npz,,0.09602285,0,,,1,0,True,,blocked_by_model_b
patch_20353_ignition_SWF003_20200426.npz,/mnt/work/wildfire/test_sets/paired_negative_heavy_1km/patch_20353_ignition_SWF003_20200426.npz,/mnt/work/wildfire/test_sets/paired_negative_heavy_25m/patch_20353_ignition_SWF003_20200426.npz,0.98943478,1,0.78526270,1,1,1,True,True,completed
patch_20355_ignition_GWF006_20200429.npz,/mnt/work/wildfire/test_sets/paired_negative_heavy_1km/patch_20355_ignition_GWF006_20200429.npz,/mnt/work/wildfire/test_sets/paired_negative_heavy_25m/patch_20355_ignition_GWF006_20200429.npz,0.99987555,1,0.83449042,1,1,1,True,True,completed
patch_20388_ignition_LWF027_20200503.npz,/mnt/work/wildfire/test_sets/paired_negative_heavy_1km/patch_20388_ignition_LWF027_20200503.npz,/mnt/work/wildfire/test_sets/paired_negative_heavy_25m/patch_20388_ignition_LWF027_20200503.npz,0.65920544,1,0.71973318,1,1,1,True,True,completed
patch_20392_ignition_MWF004_20200507.npz,/mnt/work/wildfire/test_sets/paired_negative_heavy_1km/patch_20392_ignition_MWF004_20200507.npz,,0.04336026,0,,,1,0,True,,blocked_by_model_b
patch_20393_ignition_LWF055_20200508.npz,/mnt/work/wildfire/test_sets/paired_negative_heavy_1km/patch_20393_ignition_LWF055_20200508.npz,/mnt/work/wildfire/test_sets/paired_negative_heavy_25m/patch_20393_ignition_LWF055_20200508.npz,0.43913692,1,0.72445863,1,1,1,True,True,completed
patch_20399_ignition_CWF008_20200515.npz,/mnt/work/wildfire/test_sets/paired_negative_heavy_1km/patch_20399_ignition_CWF008_20200515.npz,/mnt/work/wildfire/test_sets/paired_negative_heavy_25m/patch_20399_ignition_CWF008_20200515.npz,0.97225451,1,0.87641746,1,1,1,True,True,completed
patch_20419_ignition_PWF010_20200512.npz,/mnt/work/wildfire/test_sets/paired_negative_heavy_1km/patch_20419_ignition_PWF010_20200512.npz,/mnt/work/wildfire/test_sets/paired_negative_heavy_25m/patch_20419_ignition_PWF010_20200512.npz,0.75073987,1,0.80673844,1,1,1,True,True,completed
patch_20424_ignition_CWF062_20200729.npz,/mnt/work/wildfire/test_sets/paired_negative_heavy_1km/patch_20424_ignition_CWF062_20200729.npz,/mnt/work/wildfire/test_sets/paired_negative_heavy_25m/patch_20424_ignition_CWF062_20200729.npz,0.82496089,1,0.88534719,1,1,1,True,True,completed
patch_20431_ignition_CWF075_20200803.npz,/mnt/work/wildfire/test_sets/paired_negative_heavy_1km/patch_20431_ignition_CWF075_20200803.npz,/mnt/work/wildfire/test_sets/paired_negative_heavy_25m/patch_20431_ignition_CWF075_20200803.npz,0.87964356,1,0.88738477,1,1,1,True,True,completed
patch_20441_ignition_CWF010_20200515.npz,/mnt/work/wildfire/test_sets/paired_negative_heavy_1km/patch_20441_ignition_CWF010_20200515.npz,/mnt/work/wildfire/test_sets/paired_negative_heavy_25m/patch_20441_ignition_CWF010_20200515.npz,0.99790001,1,0.89665234,1,1,1,True,True,completed
patch_20443_ignition_WWF012_20200516.npz,/mnt/work/wildfire/test_sets/paired_negative_heavy_1km/patch_20443_ignition_WWF012_20200516.npz,/mnt/work/wildfire/test_sets/paired_negative_heavy_25m/patch_20443_ignition_WWF012_20200516.npz,0.98525405,1,0.86955309,1,1,1,True,True,completed
patch_20463_ignition_LWF074_20200520.npz,/mnt/work/wildfire/test_sets/paired_negative_heavy_1km/patch_20463_ignition_LWF074_20200520.npz,/mnt/work/wildfire/test_sets/paired_negative_heavy_25m/patch_20463_ignition_LWF074_20200520.npz,0.77734905,1,0.82758754,1,1,1,True,True,completed
patch_20467_ignition_MWF016_20200720.npz,/mnt/work/wildfire/test_sets/paired_negative_heavy_1km/patch_20467_ignition_MWF016_20200720.npz,/mnt/work/wildfire/test_sets/paired_negative_heavy_25m/patch_20467_ignition_MWF016_20200720.npz,0.80354100,1,0.86399543,1,1,1,True,True,completed
patch_20505_ignition_HWF042_20200802.npz,/mnt/work/wildfire/test_sets/paired_negative_heavy_1km/patch_20505_ignition_HWF042_20200802.npz,/mnt/work/wildfire/test_sets/paired_negative_heavy_25m/patch_20505_ignition_HWF042_20200802.npz,0.80699664,1,0.76239067,1,1,1,True,True,completed
patch_20561_ignition_PWF025_20200627.npz,/mnt/work/wildfire/test_sets/paired_negative_heavy_1km/patch_20561_ignition_PWF025_20200627.npz,/mnt/work/wildfire/test_sets/paired_negative_heavy_25m/patch_20561_ignition_PWF025_20200627.npz,0.36245629,1,0.73098701,1,1,1,True,True,completed
patch_20582_ignition_LWF035_20200504.npz,/mnt/work/wildfire/test_sets/paired_negative_heavy_1km/patch_20582_ignition_LWF035_20200504.npz,/mnt/work/wildfire/test_sets/paired_negative_heavy_25m/patch_20582_ignition_LWF035_20200504.npz,0.86621457,1,0.79206467,1,1,1,True,True,completed
patch_20587_ignition_SWF028_20200601.npz,/mnt/work/wildfire/test_sets/paired_negative_heavy_1km/patch_20587_ignition_SWF028_20200601.npz,/mnt/work/wildfire/test_sets/paired_negative_heavy_25m/patch_20587_ignition_SWF028_20200601.npz,0.97472942,1,0.83604980,1,1,1,True,True,completed
patch_20601_ignition_PWF028_20200702.npz,/mnt/work/wildfire/test_sets/paired_negative_heavy_1km/patch_20601_ignition_PWF028_20200702.npz,/mnt/work/wildfire/test_sets/paired_negative_heavy_25m/patch_20601_ignition_PWF028_20200702.npz,0.59179872,1,0.55928791,1,1,1,True,True,completed
patch_20602_ignition_CWF040_20200705.npz,/mnt/work/wildfire/test_sets/paired_negative_heavy_1km/patch_20602_ignition_CWF040_20200705.npz,/mnt/work/wildfire/test_sets/paired_negative_heavy_25m/patch_20602_ignition_CWF040_20200705.npz,0.92528337,1,0.78493983,1,1,1,True,True,completed
patch_20656_ignition_CWF027_20200518.npz,/mnt/work/wildfire/test_sets/paired_negative_heavy_1km/patch_20656_ignition_CWF027_20200518.npz,/mnt/work/wildfire/test_sets/paired_negative_heavy_25m/patch_20656_ignition_CWF027_20200518.npz,0.94028133,1,0.75611621,1,1,1,True,True,completed
patch_20680_ignition_EWF007_20200426.npz,/mnt/work/wildfire/test_sets/paired_negative_heavy_1km/patch_20680_ignition_EWF007_20200426.npz,/mnt/work/wildfire/test_sets/paired_negative_heavy_25m/patch_20680_ignition_EWF007_20200426.npz,0.85656059,1,0.78236496,1,1,1,True,True,completed
patch_20685_ignition_GWF033_20200731.npz,/mnt/work/wildfire/test_sets/paired_negative_heavy_1km/patch_20685_ignition_GWF033_20200731.npz,/mnt/work/wildfire/test_sets/paired_negative_heavy_25m/patch_20685_ignition_GWF033_20200731.npz,0.64466572,1,0.78448105,1,1,1,True,True,completed
patch_20686_ignition_LWF089_20200803.npz,/mnt/work/wildfire/test_sets/paired_negative_heavy_1km/patch_20686_ignition_LWF089_20200803.npz,/mnt/work/wildfire/test_sets/paired_negative_heavy_25m/patch_20686_ignition_LWF089_20200803.npz,0.66326690,1,0.73747063,1,1,1,True,True,completed
patch_20694_ignition_CWF085_20200803.npz,/mnt/work/wildfire/test_sets/paired_negative_heavy_1km/patch_20694_ignition_CWF085_20200803.npz,/mnt/work/wildfire/test_sets/paired_negative_heavy_25m/patch_20694_ignition_CWF085_20200803.npz,0.95656258,1,0.88091379,1,1,1,True,True,completed
patch_20724_ignition_EWF025_20200712.npz,/mnt/work/wildfire/test_sets/paired_negative_heavy_1km/patch_20724_ignition_EWF025_20200712.npz,/mnt/work/wildfire/test_sets/paired_negative_heavy_25m/patch_20724_ignition_EWF025_20200712.npz,0.43665421,1,0.85438347,1,1,1,True,True,completed
patch_20734_ignition_GWF004_20200426.npz,/mnt/work/wildfire/test_sets/paired_negative_heavy_1km/patch_20734_ignition_GWF004_20200426.npz,/mnt/work/wildfire/test_sets/paired_negative_heavy_25m/patch_20734_ignition_GWF004_20200426.npz,0.79888660,1,0.63481575,1,1,1,True,True,completed
patch_20736_ignition_LWF036_20200504.npz,/mnt/work/wildfire/test_sets/paired_negative_heavy_1km/patch_20736_ignition_LWF036_20200504.npz,/mnt/work/wildfire/test_sets/paired_negative_heavy_25m/patch_20736_ignition_LWF036_20200504.npz,0.99606562,1,0.93502361,1,1,1,True,True,completed
patch_20741_ignition_LWF071_20200517.npz,/mnt/work/wildfire/test_sets/paired_negative_heavy_1km/patch_20741_ignition_LWF071_20200517.npz,/mnt/work/wildfire/test_sets/paired_negative_heavy_25m/patch_20741_ignition_LWF071_20200517.npz,0.98818725,1,0.90377945,1,1,1,True,True,completed
patch_20777_ignition_LWF013_20200428.npz,/mnt/work/wildfire/test_sets/paired_negative_heavy_1km/patch_20777_ignition_LWF013_20200428.npz,/mnt/work/wildfire/test_sets/paired_negative_heavy_25m/patch_20777_ignition_LWF013_20200428.npz,0.99999535,1,0.96391219,1,1,1,True,True,completed
patch_20896_ignition_SWF060_20200818.npz,/mnt/work/wildfire/test_sets/paired_negative_heavy_1km/patch_20896_ignition_SWF060_20200818.npz,/mnt/work/wildfire/test_sets/paired_negative_heavy_25m/patch_20896_ignition_SWF060_20200818.npz,0.38749000,1,0.58142292,1,1,1,True,True,completed
patch_20948_ignition_RWF045_20200825.npz,/mnt/work/wildfire/test_sets/paired_negative_heavy_1km/patch_20948_ignition_RWF045_20200825.npz,/mnt/work/wildfire/test_sets/paired_negative_heavy_25m/patch_20948_ignition_RWF045_20200825.npz,0.97953540,1,0.91433316,1,1,1,True,True,completed
patch_20989_ignition_CWF191_20200915.npz,/mnt/work/wildfire/test_sets/paired_negative_heavy_1km/patch_20989_ignition_CWF191_20200915.npz,/mnt/work/wildfire/test_sets/paired_negative_heavy_25m/patch_20989_ignition_CWF191_20200915.npz,0.42027074,1,0.82203913,1,1,1,True,True,completed
patch_20990_ignition_CWF192_20200916.npz,/mnt/work/wildfire/test_sets/paired_negative_heavy_1km/patch_20990_ignition_CWF192_20200916.npz,/mnt/work/wildfire/test_sets/paired_negative_heavy_25m/patch_20990_ignition_CWF192_20200916.npz,0.71625686,1,0.82740104,1,1,1,True,True,completed
patch_21138_ignition_CWF177_20200907.npz,/mnt/work/wildfire/test_sets/paired_negative_heavy_1km/patch_21138_ignition_CWF177_20200907.npz,/mnt/work/wildfire/test_sets/paired_negative_heavy_25m/patch_21138_ignition_CWF177_20200907.npz,0.92582595,1,0.72480929,1,1,1,True,True,completed
patch_21146_ignition_CWF209_20201029.npz,/mnt/work/wildfire/test_sets/paired_negative_heavy_1km/patch_21146_ignition_CWF209_20201029.npz,/mnt/work/wildfire/test_sets/paired_negative_heavy_25m/patch_21146_ignition_CWF209_20201029.npz,0.94292003,1,0.74218285,1,1,1,True,True,completed
patch_21157_ignition_CWF186_20200909.npz,/mnt/work/wildfire/test_sets/paired_negative_heavy_1km/patch_21157_ignition_CWF186_20200909.npz,/mnt/work/wildfire/test_sets/paired_negative_heavy_25m/patch_21157_ignition_CWF186_20200909.npz,0.84564668,1,0.87308091,1,1,1,True,True,completed
patch_21170_ignition_CWF151_20200906.npz,/mnt/work/wildfire/test_sets/paired_negative_heavy_1km/patch_21170_ignition_CWF151_20200906.npz,/mnt/work/wildfire/test_sets/paired_negative_heavy_25m/patch_21170_ignition_CWF151_20200906.npz,0.89485818,1,0.85307956,1,1,1,True,True,completed
patch_21191_ignition_CWF164_20200905.npz,/mnt/work/wildfire/test_sets/paired_negative_heavy_1km/patch_21191_ignition_CWF164_20200905.npz,/mnt/work/wildfire/test_sets/paired_negative_heavy_25m/patch_21191_ignition_CWF164_20200905.npz,0.97343868,1,0.88480687,1,1,1,True,True,completed
patch_21194_ignition_CWF167_20200906.npz,/mnt/work/wildfire/test_sets/paired_negative_heavy_1km/patch_21194_ignition_CWF167_20200906.npz,/mnt/work/wildfire/test_sets/paired_negative_heavy_25m/patch_21194_ignition_CWF167_20200906.npz,0.69642192,1,0.72111863,1,1,1,True,True,completed
patch_21311_ignition_CWF135_20200828.npz,/mnt/work/wildfire/test_sets/paired_negative_heavy_1km/patch_21311_ignition_CWF135_20200828.npz,/mnt/work/wildfire/test_sets/paired_negative_heavy_25m/patch_21311_ignition_CWF135_20200828.npz,0.97256732,1,0.93090183,1,1,1,True,True,completed
patch_21315_ignition_HWF050_20200919.npz,/mnt/work/wildfire/test_sets/paired_negative_heavy_1km/patch_21315_ignition_HWF050_20200919.npz,/mnt/work/wildfire/test_sets/paired_negative_heavy_25m/patch_21315_ignition_HWF050_20200919.npz,0.86972940,1,0.82255989,1,1,1,True,True,completed
patch_21359_ignition_CWF197_20201001.npz,/mnt/work/wildfire/test_sets/paired_negative_heavy_1km/patch_21359_ignition_CWF197_20201001.npz,/mnt/work/wildfire/test_sets/paired_negative_heavy_25m/patch_21359_ignition_CWF197_20201001.npz,0.99976081,1,0.96707135,1,1,1,True,True,completed
patch_21381_ignition_CWF196_20200928.npz,/mnt/work/wildfire/test_sets/paired_negative_heavy_1km/patch_21381_ignition_CWF196_20200928.npz,/mnt/work/wildfire/test_sets/paired_negative_heavy_25m/patch_21381_ignition_CWF196_20200928.npz,0.97598219,1,0.85973436,1,1,1,True,True,completed
patch_21382_ignition_CWF195_20200919.npz,/mnt/work/wildfire/test_sets/paired_negative_heavy_1km/patch_21382_ignition_CWF195_20200919.npz,/mnt/work/wildfire/test_sets/paired_negative_heavy_25m/patch_21382_ignition_CWF195_20200919.npz,0.99956256,1,0.95284444,1,1,1,True,True,completed
patch_21441_ignition_WWF038_20201002.npz,/mnt/work/wildfire/test_sets/paired_negative_heavy_1km/patch_21441_ignition_WWF038_20201002.npz,/mnt/work/wildfire/test_sets/paired_negative_heavy_25m/patch_21441_ignition_WWF038_20201002.npz,0.64263570,1,0.80845875,1,1,1,True,True,completed
patch_21550_ignition_CWF216_20201201.npz,/mnt/work/wildfire/test_sets/paired_negative_heavy_1km/patch_21550_ignition_CWF216_20201201.npz,/mnt/work/wildfire/test_sets/paired_negative_heavy_25m/patch_21550_ignition_CWF216_20201201.npz,0.99816173,1,0.91968411,1,1,1,True,True,completed
patch_21606_ignition_CWF202_20201009.npz,/mnt/work/wildfire/test_sets/paired_negative_heavy_1km/patch_21606_ignition_CWF202_20201009.npz,/mnt/work/wildfire/test_sets/paired_negative_heavy_25m/patch_21606_ignition_CWF202_20201009.npz,0.98557889,1,0.89303195,1,1,1,True,True,completed
patch_21669_ignition_CWF200_20201007.npz,/mnt/work/wildfire/test_sets/paired_negative_heavy_1km/patch_21669_ignition_CWF200_20201007.npz,/mnt/work/wildfire/test_sets/paired_negative_heavy_25m/patch_21669_ignition_CWF200_20201007.npz,0.96116304,1,0.91053683,1,1,1,True,True,completed
patch_21702_ignition_EWF053_20200926.npz,/mnt/work/wildfire/test_sets/paired_negative_heavy_1km/patch_21702_ignition_EWF053_20200926.npz,/mnt/work/wildfire/test_sets/paired_negative_heavy_25m/patch_21702_ignition_EWF053_20200926.npz,0.99512541,1,0.82983452,1,1,1,True,True,completed
patch_21777_ignition_WWF035_20200925.npz,/mnt/work/wildfire/test_sets/paired_negative_heavy_1km/patch_21777_ignition_WWF035_20200925.npz,/mnt/work/wildfire/test_sets/paired_negative_heavy_25m/patch_21777_ignition_WWF035_20200925.npz,0.99828029,1,0.95385796,1,1,1,True,True,completed
patch_21784_ignition_EWF014_20201101.npz,/mnt/work/wildfire/test_sets/paired_negative_heavy_1km/patch_21784_ignition_EWF014_20201101.npz,/mnt/work/wildfire/test_sets/paired_negative_heavy_25m/patch_21784_ignition_EWF014_20201101.npz,0.99989963,1,0.96618640,1,1,1,True,True,completed
patch_21858_ignition_CWF133_20200826.npz,/mnt/work/wildfire/test_sets/paired_negative_heavy_1km/patch_21858_ignition_CWF133_20200826.npz,/mnt/work/wildfire/test_sets/paired_negative_heavy_25m/patch_21858_ignition_CWF133_20200826.npz,0.99948502,1,0.94661111,1,1,1,True,True,completed
patch_21868_ignition_EWF048_20200910.npz,/mnt/work/wildfire/test_sets/paired_negative_heavy_1km/patch_21868_ignition_EWF048_20200910.npz,/mnt/work/wildfire/test_sets/paired_negative_heavy_25m/patch_21868_ignition_EWF048_20200910.npz,0.98020279,1,0.93317407,1,1,1,True,True,completed
patch_21911_ignition_CWF214_20201127.npz,/mnt/work/wildfire/test_sets/paired_negative_heavy_1km/patch_21911_ignition_CWF214_20201127.npz,/mnt/work/wildfire/test_sets/paired_negative_heavy_25m/patch_21911_ignition_CWF214_20201127.npz,0.99999046,1,0.97708464,1,1,1,True,True,completed
patch_21947_ignition_RWF044_20200824.npz,/mnt/work/wildfire/test_sets/paired_negative_heavy_1km/patch_21947_ignition_RWF044_20200824.npz,/mnt/work/wildfire/test_sets/paired_negative_heavy_25m/patch_21947_ignition_RWF044_20200824.npz,0.97337204,1,0.87907183,1,1,1,True,True,completed
patch_21952_ignition_CWF211_20201115.npz,/mnt/work/wildfire/test_sets/paired_negative_heavy_1km/patch_21952_ignition_CWF211_20201115.npz,/mnt/work/wildfire/test_sets/paired_negative_heavy_25m/patch_21952_ignition_CWF211_20201115.npz,0.93734157,1,0.89511728,1,1,1,True,True,completed
patch_22031_ignition_CWF132_20200825.npz,/mnt/work/wildfire/test_sets/paired_negative_heavy_1km/patch_22031_ignition_CWF132_20200825.npz,/mnt/work/wildfire/test_sets/paired_negative_heavy_25m/patch_22031_ignition_CWF132_20200825.npz,0.95463550,1,0.83129543,1,1,1,True,True,completed
patch_44456_no_ignition_nan_20200115.npz,/mnt/work/wildfire/test_sets/paired_negative_heavy_1km/patch_44456_no_ignition_nan_20200115.npz,,0.00086537,0,,,1,0,False,,blocked_by_model_b
patch_44457_no_ignition_nan_20200115.npz,/mnt/work/wildfire/test_sets/paired_negative_heavy_1km/patch_44457_no_ignition_nan_20200115.npz,,0.00375203,0,,,1,0,False,,blocked_by_model_b
patch_44458_no_ignition_nan_20200115.npz,/mnt/work/wildfire/test_sets/paired_negative_heavy_1km/patch_44458_no_ignition_nan_20200115.npz,,0.02815279,0,,,1,0,False,,blocked_by_model_b
patch_44459_no_ignition_nan_20200115.npz,/mnt/work/wildfire/test_sets/paired_negative_heavy_1km/patch_44459_no_ignition_nan_20200115.npz,,0.00000778,0,,,1,0,False,,blocked_by_model_b
patch_44460_no_ignition_nan_20200115.npz,/mnt/work/wildfire/test_sets/paired_negative_heavy_1km/patch_44460_no_ignition_nan_20200115.npz,,0.13580631,0,,,1,0,False,,blocked_by_model_b
patch_44461_no_ignition_nan_20200115.npz,/mnt/work/wildfire/test_sets/paired_negative_heavy_1km/patch_44461_no_ignition_nan_20200115.npz,,0.00071849,0,,,1,0,False,,blocked_by_model_b
patch_44462_no_ignition_nan_20200215.npz,/mnt/work/wildfire/test_sets/paired_negative_heavy_1km/patch_44462_no_ignition_nan_20200215.npz,,0.00001643,0,,,1,0,False,,blocked_by_model_b
patch_44463_no_ignition_nan_20200215.npz,/mnt/work/wildfire/test_sets/paired_negative_heavy_1km/patch_44463_no_ignition_nan_20200215.npz,,0.04356951,0,,,1,0,False,,blocked_by_model_b
patch_44464_no_ignition_nan_20200315.npz,/mnt/work/wildfire/test_sets/paired_negative_heavy_1km/patch_44464_no_ignition_nan_20200315.npz,,0.00145738,0,,,1,0,False,,blocked_by_model_b
patch_44465_no_ignition_nan_20200315.npz,/mnt/work/wildfire/test_sets/paired_negative_heavy_1km/patch_44465_no_ignition_nan_20200315.npz,,0.00018345,0,,,1,0,False,,blocked_by_model_b
patch_44466_no_ignition_nan_20200315.npz,/mnt/work/wildfire/test_sets/paired_negative_heavy_1km/patch_44466_no_ignition_nan_20200315.npz,,0.00000037,0,,,1,0,False,,blocked_by_model_b
patch_44467_no_ignition_nan_20200315.npz,/mnt/work/wildfire/test_sets/paired_negative_heavy_1km/patch_44467_no_ignition_nan_20200315.npz,,0.04423745,0,,,1,0,False,,blocked_by_model_b
patch_44468_no_ignition_nan_20200315.npz,/mnt/work/wildfire/test_sets/paired_negative_heavy_1km/patch_44468_no_ignition_nan_20200315.npz,,0.29638487,0,,,1,0,False,,blocked_by_model_b
patch_44469_no_ignition_nan_20200315.npz,/mnt/work/wildfire/test_sets/paired_negative_heavy_1km/patch_44469_no_ignition_nan_20200315.npz,,0.00000241,0,,,1,0,False,,blocked_by_model_b
patch_44470_no_ignition_nan_20200415.npz,/mnt/work/wildfire/test_sets/paired_negative_heavy_1km/patch_44470_no_ignition_nan_20200415.npz,,0.00000213,0,,,1,0,False,,blocked_by_model_b
patch_44471_no_ignition_nan_20200415.npz,/mnt/work/wildfire/test_sets/paired_negative_heavy_1km/patch_44471_no_ignition_nan_20200415.npz,,0.00326484,0,,,1,0,False,,blocked_by_model_b
patch_44472_no_ignition_nan_20200415.npz,/mnt/work/wildfire/test_sets/paired_negative_heavy_1km/patch_44472_no_ignition_nan_20200415.npz,,0.00000528,0,,,1,0,False,,blocked_by_model_b
patch_44473_no_ignition_nan_20200415.npz,/mnt/work/wildfire/test_sets/paired_negative_heavy_1km/patch_44473_no_ignition_nan_20200415.npz,,0.17006944,0,,,1,0,False,,blocked_by_model_b
patch_44474_no_ignition_nan_20200415.npz,/mnt/work/wildfire/test_sets/paired_negative_heavy_1km/patch_44474_no_ignition_nan_20200415.npz,,0.14660987,0,,,1,0,False,,blocked_by_model_b
patch_44475_no_ignition_nan_20200415.npz,/mnt/work/wildfire/test_sets/paired_negative_heavy_1km/patch_44475_no_ignition_nan_20200415.npz,,0.00000198,0,,,1,0,False,,blocked_by_model_b
patch_44476_no_ignition_nan_20200415.npz,/mnt/work/wildfire/test_sets/paired_negative_heavy_1km/patch_44476_no_ignition_nan_20200415.npz,,0.00153660,0,,,1,0,False,,blocked_by_model_b
patch_44477_no_ignition_nan_20200415.npz,/mnt/work/wildfire/test_sets/paired_negative_heavy_1km/patch_44477_no_ignition_nan_20200415.npz,,0.00000033,0,,,1,0,False,,blocked_by_model_b
patch_44478_no_ignition_nan_20200415.npz,/mnt/work/wildfire/test_sets/paired_negative_heavy_1km/patch_44478_no_ignition_nan_20200415.npz,,0.26504812,0,,,1,0,False,,blocked_by_model_b
patch_44479_no_ignition_nan_20200415.npz,/mnt/work/wildfire/test_sets/paired_negative_heavy_1km/patch_44479_no_ignition_nan_20200415.npz,,0.09884572,0,,,1,0,False,,blocked_by_model_b
patch_44480_no_ignition_nan_20200415.npz,/mnt/work/wildfire/test_sets/paired_negative_heavy_1km/patch_44480_no_ignition_nan_20200415.npz,,0.00961966,0,,,1,0,False,,blocked_by_model_b
patch_44481_no_ignition_nan_20200415.npz,/mnt/work/wildfire/test_sets/paired_negative_heavy_1km/patch_44481_no_ignition_nan_20200415.npz,/mnt/work/wildfire/test_sets/paired_negative_heavy_25m/patch_44481_no_ignition_nan_20200415.npz,0.65795350,1,0.52972096,1,1,1,False,False,completed
patch_44482_no_ignition_nan_20200415.npz,/mnt/work/wildfire/test_sets/paired_negative_heavy_1km/patch_44482_no_ignition_nan_20200415.npz,,0.00000359,0,,,1,0,False,,blocked_by_model_b
patch_44483_no_ignition_nan_20200415.npz,/mnt/work/wildfire/test_sets/paired_negative_heavy_1km/patch_44483_no_ignition_nan_20200415.npz,,0.08273137,0,,,1,0,False,,blocked_by_model_b
patch_44484_no_ignition_nan_20200415.npz,/mnt/work/wildfire/test_sets/paired_negative_heavy_1km/patch_44484_no_ignition_nan_20200415.npz,,0.00002860,0,,,1,0,False,,blocked_by_model_b
patch_44485_no_ignition_nan_20200415.npz,/mnt/work/wildfire/test_sets/paired_negative_heavy_1km/patch_44485_no_ignition_nan_20200415.npz,,0.01281169,0,,,1,0,False,,blocked_by_model_b
patch_44486_no_ignition_nan_20200415.npz,/mnt/work/wildfire/test_sets/paired_negative_heavy_1km/patch_44486_no_ignition_nan_20200415.npz,,0.00000053,0,,,1,0,False,,blocked_by_model_b
patch_44487_no_ignition_nan_20200415.npz,/mnt/work/wildfire/test_sets/paired_negative_heavy_1km/patch_44487_no_ignition_nan_20200415.npz,,0.02159071,0,,,1,0,False,,blocked_by_model_b
patch_44488_no_ignition_nan_20200415.npz,/mnt/work/wildfire/test_sets/paired_negative_heavy_1km/patch_44488_no_ignition_nan_20200415.npz,,0.00000510,0,,,1,0,False,,blocked_by_model_b
patch_44489_no_ignition_nan_20200415.npz,/mnt/work/wildfire/test_sets/paired_negative_heavy_1km/patch_44489_no_ignition_nan_20200415.npz,,0.11573672,0,,,1,0,False,,blocked_by_model_b
patch_44490_no_ignition_nan_20200415.npz,/mnt/work/wildfire/test_sets/paired_negative_heavy_1km/patch_44490_no_ignition_nan_20200415.npz,,0.00003884,0,,,1,0,False,,blocked_by_model_b
patch_44491_no_ignition_nan_20200415.npz,/mnt/work/wildfire/test_sets/paired_negative_heavy_1km/patch_44491_no_ignition_nan_20200415.npz,,0.00000198,0,,,1,0,False,,blocked_by_model_b
patch_44492_no_ignition_nan_20200415.npz,/mnt/work/wildfire/test_sets/paired_negative_heavy_1km/patch_44492_no_ignition_nan_20200415.npz,,0.00072284,0,,,1,0,False,,blocked_by_model_b
patch_44493_no_ignition_nan_20200415.npz,/mnt/work/wildfire/test_sets/paired_negative_heavy_1km/patch_44493_no_ignition_nan_20200415.npz,,0.00000214,0,,,1,0,False,,blocked_by_model_b
patch_44494_no_ignition_nan_20200415.npz,/mnt/work/wildfire/test_sets/paired_negative_heavy_1km/patch_44494_no_ignition_nan_20200415.npz,,0.00047163,0,,,1,0,False,,blocked_by_model_b
patch_44495_no_ignition_nan_20200415.npz,/mnt/work/wildfire/test_sets/paired_negative_heavy_1km/patch_44495_no_ignition_nan_20200415.npz,,0.00119544,0,,,1,0,False,,blocked_by_model_b
patch_44496_no_ignition_nan_20200415.npz,/mnt/work/wildfire/test_sets/paired_negative_heavy_1km/patch_44496_no_ignition_nan_20200415.npz,,0.00000851,0,,,1,0,False,,blocked_by_model_b
patch_44497_no_ignition_nan_20200415.npz,/mnt/work/wildfire/test_sets/paired_negative_heavy_1km/patch_44497_no_ignition_nan_20200415.npz,,0.07641002,0,,,1,0,False,,blocked_by_model_b
patch_44498_no_ignition_nan_20200415.npz,/mnt/work/wildfire/test_sets/paired_negative_heavy_1km/patch_44498_no_ignition_nan_20200415.npz,,0.00001017,0,,,1,0,False,,blocked_by_model_b
patch_44499_no_ignition_nan_20200415.npz,/mnt/work/wildfire/test_sets/paired_negative_heavy_1km/patch_44499_no_ignition_nan_20200415.npz,,0.00001517,0,,,1,0,False,,blocked_by_model_b
patch_44500_no_ignition_nan_20200415.npz,/mnt/work/wildfire/test_sets/paired_negative_heavy_1km/patch_44500_no_ignition_nan_20200415.npz,,0.00702952,0,,,1,0,False,,blocked_by_model_b
patch_44501_no_ignition_nan_20200415.npz,/mnt/work/wildfire/test_sets/paired_negative_heavy_1km/patch_44501_no_ignition_nan_20200415.npz,/mnt/work/wildfire/test_sets/paired_negative_heavy_25m/patch_44501_no_ignition_nan_20200415.npz,0.31379095,1,0.53704941,1,1,1,False,False,completed
patch_44502_no_ignition_nan_20200415.npz,/mnt/work/wildfire/test_sets/paired_negative_heavy_1km/patch_44502_no_ignition_nan_20200415.npz,,0.02499778,0,,,1,0,False,,blocked_by_model_b
patch_44503_no_ignition_nan_20200415.npz,/mnt/work/wildfire/test_sets/paired_negative_heavy_1km/patch_44503_no_ignition_nan_20200415.npz,,0.00000651,0,,,1,0,False,,blocked_by_model_b
patch_44504_no_ignition_nan_20200415.npz,/mnt/work/wildfire/test_sets/paired_negative_heavy_1km/patch_44504_no_ignition_nan_20200415.npz,,0.00000762,0,,,1,0,False,,blocked_by_model_b
patch_44505_no_ignition_nan_20200415.npz,/mnt/work/wildfire/test_sets/paired_negative_heavy_1km/patch_44505_no_ignition_nan_20200415.npz,,0.00000035,0,,,1,0,False,,blocked_by_model_b
patch_44506_no_ignition_nan_20200415.npz,/mnt/work/wildfire/test_sets/paired_negative_heavy_1km/patch_44506_no_ignition_nan_20200415.npz,,0.00038331,0,,,1,0,False,,blocked_by_model_b
patch_44507_no_ignition_nan_20200415.npz,/mnt/work/wildfire/test_sets/paired_negative_heavy_1km/patch_44507_no_ignition_nan_20200415.npz,/mnt/work/wildfire/test_sets/paired_negative_heavy_25m/patch_44507_no_ignition_nan_20200415.npz,0.44936883,1,0.62206411,1,1,1,False,False,completed
patch_44508_no_ignition_nan_20200415.npz,/mnt/work/wildfire/test_sets/paired_negative_heavy_1km/patch_44508_no_ignition_nan_20200415.npz,,0.00000096,0,,,1,0,False,,blocked_by_model_b
patch_44509_no_ignition_nan_20200415.npz,/mnt/work/wildfire/test_sets/paired_negative_heavy_1km/patch_44509_no_ignition_nan_20200415.npz,,0.00000481,0,,,1,0,False,,blocked_by_model_b
patch_44510_no_ignition_nan_20200415.npz,/mnt/work/wildfire/test_sets/paired_negative_heavy_1km/patch_44510_no_ignition_nan_20200415.npz,,0.08387125,0,,,1,0,False,,blocked_by_model_b
patch_44511_no_ignition_nan_20200415.npz,/mnt/work/wildfire/test_sets/paired_negative_heavy_1km/patch_44511_no_ignition_nan_20200415.npz,,0.01679144,0,,,1,0,False,,blocked_by_model_b
patch_44512_no_ignition_nan_20200415.npz,/mnt/work/wildfire/test_sets/paired_negative_heavy_1km/patch_44512_no_ignition_nan_20200415.npz,,0.00028757,0,,,1,0,False,,blocked_by_model_b
patch_44513_no_ignition_nan_20200415.npz,/mnt/work/wildfire/test_sets/paired_negative_heavy_1km/patch_44513_no_ignition_nan_20200415.npz,,0.00000728,0,,,1,0,False,,blocked_by_model_b
patch_44514_no_ignition_nan_20200415.npz,/mnt/work/wildfire/test_sets/paired_negative_heavy_1km/patch_44514_no_ignition_nan_20200415.npz,,0.00000200,0,,,1,0,False,,blocked_by_model_b
patch_44515_no_ignition_nan_20200415.npz,/mnt/work/wildfire/test_sets/paired_negative_heavy_1km/patch_44515_no_ignition_nan_20200415.npz,,0.09438459,0,,,1,0,False,,blocked_by_model_b
patch_44516_no_ignition_nan_20200415.npz,/mnt/work/wildfire/test_sets/paired_negative_heavy_1km/patch_44516_no_ignition_nan_20200415.npz,,0.06646071,0,,,1,0,False,,blocked_by_model_b
patch_44517_no_ignition_nan_20200415.npz,/mnt/work/wildfire/test_sets/paired_negative_heavy_1km/patch_44517_no_ignition_nan_20200415.npz,/mnt/work/wildfire/test_sets/paired_negative_heavy_25m/patch_44517_no_ignition_nan_20200415.npz,0.53495687,1,0.52444023,1,1,1,False,False,completed
patch_44518_no_ignition_nan_20200415.npz,/mnt/work/wildfire/test_sets/paired_negative_heavy_1km/patch_44518_no_ignition_nan_20200415.npz,,0.00300151,0,,,1,0,False,,blocked_by_model_b
patch_44519_no_ignition_nan_20200415.npz,/mnt/work/wildfire/test_sets/paired_negative_heavy_1km/patch_44519_no_ignition_nan_20200415.npz,,0.00000761,0,,,1,0,False,,blocked_by_model_b
patch_44520_no_ignition_nan_20200415.npz,/mnt/work/wildfire/test_sets/paired_negative_heavy_1km/patch_44520_no_ignition_nan_20200415.npz,/mnt/work/wildfire/test_sets/paired_negative_heavy_25m/patch_44520_no_ignition_nan_20200415.npz,0.40344059,1,0.47116390,0,1,0,False,False,completed
patch_44521_no_ignition_nan_20200415.npz,/mnt/work/wildfire/test_sets/paired_negative_heavy_1km/patch_44521_no_ignition_nan_20200415.npz,,0.00000915,0,,,1,0,False,,blocked_by_model_b
patch_44522_no_ignition_nan_20200415.npz,/mnt/work/wildfire/test_sets/paired_negative_heavy_1km/patch_44522_no_ignition_nan_20200415.npz,,0.04089105,0,,,1,0,False,,blocked_by_model_b
patch_44523_no_ignition_nan_20200415.npz,/mnt/work/wildfire/test_sets/paired_negative_heavy_1km/patch_44523_no_ignition_nan_20200415.npz,,0.00001119,0,,,1,0,False,,blocked_by_model_b
patch_44524_no_ignition_nan_20200515.npz,/mnt/work/wildfire/test_sets/paired_negative_heavy_1km/patch_44524_no_ignition_nan_20200515.npz,,0.00001320,0,,,1,0,False,,blocked_by_model_b
patch_44525_no_ignition_nan_20200515.npz,/mnt/work/wildfire/test_sets/paired_negative_heavy_1km/patch_44525_no_ignition_nan_20200515.npz,,0.00000529,0,,,1,0,False,,blocked_by_model_b
patch_44526_no_ignition_nan_20200515.npz,/mnt/work/wildfire/test_sets/paired_negative_heavy_1km/patch_44526_no_ignition_nan_20200515.npz,,0.03155643,0,,,1,0,False,,blocked_by_model_b
patch_44527_no_ignition_nan_20200515.npz,/mnt/work/wildfire/test_sets/paired_negative_heavy_1km/patch_44527_no_ignition_nan_20200515.npz,,0.00000321,0,,,1,0,False,,blocked_by_model_b
patch_44528_no_ignition_nan_20200515.npz,/mnt/work/wildfire/test_sets/paired_negative_heavy_1km/patch_44528_no_ignition_nan_20200515.npz,,0.05630170,0,,,1,0,False,,blocked_by_model_b
patch_44529_no_ignition_nan_20200515.npz,/mnt/work/wildfire/test_sets/paired_negative_heavy_1km/patch_44529_no_ignition_nan_20200515.npz,,0.08893740,0,,,1,0,False,,blocked_by_model_b
patch_44530_no_ignition_nan_20200515.npz,/mnt/work/wildfire/test_sets/paired_negative_heavy_1km/patch_44530_no_ignition_nan_20200515.npz,,0.00014164,0,,,1,0,False,,blocked_by_model_b
patch_44531_no_ignition_nan_20200515.npz,/mnt/work/wildfire/test_sets/paired_negative_heavy_1km/patch_44531_no_ignition_nan_20200515.npz,,0.11604732,0,,,1,0,False,,blocked_by_model_b
patch_44532_no_ignition_nan_20200515.npz,/mnt/work/wildfire/test_sets/paired_negative_heavy_1km/patch_44532_no_ignition_nan_20200515.npz,,0.17503448,0,,,1,0,False,,blocked_by_model_b
patch_44533_no_ignition_nan_20200515.npz,/mnt/work/wildfire/test_sets/paired_negative_heavy_1km/patch_44533_no_ignition_nan_20200515.npz,,0.07720263,0,,,1,0,False,,blocked_by_model_b
patch_44534_no_ignition_nan_20200515.npz,/mnt/work/wildfire/test_sets/paired_negative_heavy_1km/patch_44534_no_ignition_nan_20200515.npz,,0.00008543,0,,,1,0,False,,blocked_by_model_b
patch_44535_no_ignition_nan_20200515.npz,/mnt/work/wildfire/test_sets/paired_negative_heavy_1km/patch_44535_no_ignition_nan_20200515.npz,,0.00001077,0,,,1,0,False,,blocked_by_model_b
patch_44536_no_ignition_nan_20200515.npz,/mnt/work/wildfire/test_sets/paired_negative_heavy_1km/patch_44536_no_ignition_nan_20200515.npz,,0.00000489,0,,,1,0,False,,blocked_by_model_b
patch_44537_no_ignition_nan_20200515.npz,/mnt/work/wildfire/test_sets/paired_negative_heavy_1km/patch_44537_no_ignition_nan_20200515.npz,,0.00007492,0,,,1,0,False,,blocked_by_model_b
patch_44538_no_ignition_nan_20200515.npz,/mnt/work/wildfire/test_sets/paired_negative_heavy_1km/patch_44538_no_ignition_nan_20200515.npz,,0.14154428,0,,,1,0,False,,blocked_by_model_b
patch_44539_no_ignition_nan_20200515.npz,/mnt/work/wildfire/test_sets/paired_negative_heavy_1km/patch_44539_no_ignition_nan_20200515.npz,,0.03910168,0,,,1,0,False,,blocked_by_model_b
patch_44540_no_ignition_nan_20200515.npz,/mnt/work/wildfire/test_sets/paired_negative_heavy_1km/patch_44540_no_ignition_nan_20200515.npz,,0.00000082,0,,,1,0,False,,blocked_by_model_b
patch_44541_no_ignition_nan_20200515.npz,/mnt/work/wildfire/test_sets/paired_negative_heavy_1km/patch_44541_no_ignition_nan_20200515.npz,,0.00002882,0,,,1,0,False,,blocked_by_model_b
patch_44542_no_ignition_nan_20200515.npz,/mnt/work/wildfire/test_sets/paired_negative_heavy_1km/patch_44542_no_ignition_nan_20200515.npz,,0.00015593,0,,,1,0,False,,blocked_by_model_b
patch_44543_no_ignition_nan_20200515.npz,/mnt/work/wildfire/test_sets/paired_negative_heavy_1km/patch_44543_no_ignition_nan_20200515.npz,,0.00005022,0,,,1,0,False,,blocked_by_model_b
patch_44544_no_ignition_nan_20200515.npz,/mnt/work/wildfire/test_sets/paired_negative_heavy_1km/patch_44544_no_ignition_nan_20200515.npz,,0.13604017,0,,,1,0,False,,blocked_by_model_b
patch_44545_no_ignition_nan_20200515.npz,/mnt/work/wildfire/test_sets/paired_negative_heavy_1km/patch_44545_no_ignition_nan_20200515.npz,,0.00762441,0,,,1,0,False,,blocked_by_model_b
patch_44546_no_ignition_nan_20200515.npz,/mnt/work/wildfire/test_sets/paired_negative_heavy_1km/patch_44546_no_ignition_nan_20200515.npz,,0.00544671,0,,,1,0,False,,blocked_by_model_b
patch_44547_no_ignition_nan_20200515.npz,/mnt/work/wildfire/test_sets/paired_negative_heavy_1km/patch_44547_no_ignition_nan_20200515.npz,,0.00022097,0,,,1,0,False,,blocked_by_model_b
patch_44548_no_ignition_nan_20200515.npz,/mnt/work/wildfire/test_sets/paired_negative_heavy_1km/patch_44548_no_ignition_nan_20200515.npz,,0.00001574,0,,,1,0,False,,blocked_by_model_b
patch_44549_no_ignition_nan_20200515.npz,/mnt/work/wildfire/test_sets/paired_negative_heavy_1km/patch_44549_no_ignition_nan_20200515.npz,,0.00820877,0,,,1,0,False,,blocked_by_model_b
patch_44550_no_ignition_nan_20200515.npz,/mnt/work/wildfire/test_sets/paired_negative_heavy_1km/patch_44550_no_ignition_nan_20200515.npz,,0.00000342,0,,,1,0,False,,blocked_by_model_b
patch_44551_no_ignition_nan_20200515.npz,/mnt/work/wildfire/test_sets/paired_negative_heavy_1km/patch_44551_no_ignition_nan_20200515.npz,,0.00000702,0,,,1,0,False,,blocked_by_model_b
patch_44552_no_ignition_nan_20200515.npz,/mnt/work/wildfire/test_sets/paired_negative_heavy_1km/patch_44552_no_ignition_nan_20200515.npz,,0.01440569,0,,,1,0,False,,blocked_by_model_b
patch_44553_no_ignition_nan_20200515.npz,/mnt/work/wildfire/test_sets/paired_negative_heavy_1km/patch_44553_no_ignition_nan_20200515.npz,,0.04241288,0,,,1,0,False,,blocked_by_model_b
patch_44554_no_ignition_nan_20200515.npz,/mnt/work/wildfire/test_sets/paired_negative_heavy_1km/patch_44554_no_ignition_nan_20200515.npz,,0.00000114,0,,,1,0,False,,blocked_by_model_b
patch_44555_no_ignition_nan_20200515.npz,/mnt/work/wildfire/test_sets/paired_negative_heavy_1km/patch_44555_no_ignition_nan_20200515.npz,,0.03017152,0,,,1,0,False,,blocked_by_model_b
patch_44556_no_ignition_nan_20200515.npz,/mnt/work/wildfire/test_sets/paired_negative_heavy_1km/patch_44556_no_ignition_nan_20200515.npz,,0.00000135,0,,,1,0,False,,blocked_by_model_b
patch_44557_no_ignition_nan_20200515.npz,/mnt/work/wildfire/test_sets/paired_negative_heavy_1km/patch_44557_no_ignition_nan_20200515.npz,,0.00015595,0,,,1,0,False,,blocked_by_model_b
patch_44558_no_ignition_nan_20200515.npz,/mnt/work/wildfire/test_sets/paired_negative_heavy_1km/patch_44558_no_ignition_nan_20200515.npz,,0.02909223,0,,,1,0,False,,blocked_by_model_b
patch_44559_no_ignition_nan_20200515.npz,/mnt/work/wildfire/test_sets/paired_negative_heavy_1km/patch_44559_no_ignition_nan_20200515.npz,,0.00000244,0,,,1,0,False,,blocked_by_model_b
patch_44560_no_ignition_nan_20200515.npz,/mnt/work/wildfire/test_sets/paired_negative_heavy_1km/patch_44560_no_ignition_nan_20200515.npz,,0.02138516,0,,,1,0,False,,blocked_by_model_b
patch_44561_no_ignition_nan_20200515.npz,/mnt/work/wildfire/test_sets/paired_negative_heavy_1km/patch_44561_no_ignition_nan_20200515.npz,,0.00003254,0,,,1,0,False,,blocked_by_model_b
patch_44562_no_ignition_nan_20200515.npz,/mnt/work/wildfire/test_sets/paired_negative_heavy_1km/patch_44562_no_ignition_nan_20200515.npz,,0.00002021,0,,,1,0,False,,blocked_by_model_b
patch_44563_no_ignition_nan_20200515.npz,/mnt/work/wildfire/test_sets/paired_negative_heavy_1km/patch_44563_no_ignition_nan_20200515.npz,,0.00141497,0,,,1,0,False,,blocked_by_model_b
patch_44564_no_ignition_nan_20200515.npz,/mnt/work/wildfire/test_sets/paired_negative_heavy_1km/patch_44564_no_ignition_nan_20200515.npz,,0.00001353,0,,,1,0,False,,blocked_by_model_b
patch_44565_no_ignition_nan_20200515.npz,/mnt/work/wildfire/test_sets/paired_negative_heavy_1km/patch_44565_no_ignition_nan_20200515.npz,,0.06287732,0,,,1,0,False,,blocked_by_model_b
patch_44566_no_ignition_nan_20200515.npz,/mnt/work/wildfire/test_sets/paired_negative_heavy_1km/patch_44566_no_ignition_nan_20200515.npz,,0.00009490,0,,,1,0,False,,blocked_by_model_b
patch_44567_no_ignition_nan_20200515.npz,/mnt/work/wildfire/test_sets/paired_negative_heavy_1km/patch_44567_no_ignition_nan_20200515.npz,,0.00001523,0,,,1,0,False,,blocked_by_model_b
patch_44568_no_ignition_nan_20200515.npz,/mnt/work/wildfire/test_sets/paired_negative_heavy_1km/patch_44568_no_ignition_nan_20200515.npz,,0.00000868,0,,,1,0,False,,blocked_by_model_b
patch_44569_no_ignition_nan_20200515.npz,/mnt/work/wildfire/test_sets/paired_negative_heavy_1km/patch_44569_no_ignition_nan_20200515.npz,,0.00004156,0,,,1,0,False,,blocked_by_model_b
patch_44570_no_ignition_nan_20200515.npz,/mnt/work/wildfire/test_sets/paired_negative_heavy_1km/patch_44570_no_ignition_nan_20200515.npz,,0.00000315,0,,,1,0,False,,blocked_by_model_b
patch_44571_no_ignition_nan_20200515.npz,/mnt/work/wildfire/test_sets/paired_negative_heavy_1km/patch_44571_no_ignition_nan_20200515.npz,,0.01880484,0,,,1,0,False,,blocked_by_model_b
patch_44572_no_ignition_nan_20200515.npz,/mnt/work/wildfire/test_sets/paired_negative_heavy_1km/patch_44572_no_ignition_nan_20200515.npz,,0.00001552,0,,,1,0,False,,blocked_by_model_b
patch_44573_no_ignition_nan_20200515.npz,/mnt/work/wildfire/test_sets/paired_negative_heavy_1km/patch_44573_no_ignition_nan_20200515.npz,,0.00000492,0,,,1,0,False,,blocked_by_model_b
patch_44574_no_ignition_nan_20200515.npz,/mnt/work/wildfire/test_sets/paired_negative_heavy_1km/patch_44574_no_ignition_nan_20200515.npz,,0.00011174,0,,,1,0,False,,blocked_by_model_b
patch_44575_no_ignition_nan_20200515.npz,/mnt/work/wildfire/test_sets/paired_negative_heavy_1km/patch_44575_no_ignition_nan_20200515.npz,,0.00001741,0,,,1,0,False,,blocked_by_model_b
patch_44576_no_ignition_nan_20200515.npz,/mnt/work/wildfire/test_sets/paired_negative_heavy_1km/patch_44576_no_ignition_nan_20200515.npz,,0.04572787,0,,,1,0,False,,blocked_by_model_b
patch_44577_no_ignition_nan_20200515.npz,/mnt/work/wildfire/test_sets/paired_negative_heavy_1km/patch_44577_no_ignition_nan_20200515.npz,,0.18172824,0,,,1,0,False,,blocked_by_model_b
patch_44578_no_ignition_nan_20200515.npz,/mnt/work/wildfire/test_sets/paired_negative_heavy_1km/patch_44578_no_ignition_nan_20200515.npz,,0.00094953,0,,,1,0,False,,blocked_by_model_b
patch_44579_no_ignition_nan_20200515.npz,/mnt/work/wildfire/test_sets/paired_negative_heavy_1km/patch_44579_no_ignition_nan_20200515.npz,,0.00756353,0,,,1,0,False,,blocked_by_model_b
patch_44580_no_ignition_nan_20200515.npz,/mnt/work/wildfire/test_sets/paired_negative_heavy_1km/patch_44580_no_ignition_nan_20200515.npz,,0.00001815,0,,,1,0,False,,blocked_by_model_b
patch_44581_no_ignition_nan_20200515.npz,/mnt/work/wildfire/test_sets/paired_negative_heavy_1km/patch_44581_no_ignition_nan_20200515.npz,,0.00000268,0,,,1,0,False,,blocked_by_model_b
patch_44582_no_ignition_nan_20200515.npz,/mnt/work/wildfire/test_sets/paired_negative_heavy_1km/patch_44582_no_ignition_nan_20200515.npz,,0.00004798,0,,,1,0,False,,blocked_by_model_b
patch_44583_no_ignition_nan_20200515.npz,/mnt/work/wildfire/test_sets/paired_negative_heavy_1km/patch_44583_no_ignition_nan_20200515.npz,,0.00809775,0,,,1,0,False,,blocked_by_model_b
patch_44584_no_ignition_nan_20200515.npz,/mnt/work/wildfire/test_sets/paired_negative_heavy_1km/patch_44584_no_ignition_nan_20200515.npz,,0.00646474,0,,,1,0,False,,blocked_by_model_b
patch_44585_no_ignition_nan_20200515.npz,/mnt/work/wildfire/test_sets/paired_negative_heavy_1km/patch_44585_no_ignition_nan_20200515.npz,,0.00000962,0,,,1,0,False,,blocked_by_model_b
patch_44586_no_ignition_nan_20200515.npz,/mnt/work/wildfire/test_sets/paired_negative_heavy_1km/patch_44586_no_ignition_nan_20200515.npz,,0.00401485,0,,,1,0,False,,blocked_by_model_b
patch_44587_no_ignition_nan_20200515.npz,/mnt/work/wildfire/test_sets/paired_negative_heavy_1km/patch_44587_no_ignition_nan_20200515.npz,,0.00321521,0,,,1,0,False,,blocked_by_model_b
patch_44588_no_ignition_nan_20200515.npz,/mnt/work/wildfire/test_sets/paired_negative_heavy_1km/patch_44588_no_ignition_nan_20200515.npz,,0.00011462,0,,,1,0,False,,blocked_by_model_b
patch_44589_no_ignition_nan_20200515.npz,/mnt/work/wildfire/test_sets/paired_negative_heavy_1km/patch_44589_no_ignition_nan_20200515.npz,,0.03522818,0,,,1,0,False,,blocked_by_model_b
patch_44590_no_ignition_nan_20200515.npz,/mnt/work/wildfire/test_sets/paired_negative_heavy_1km/patch_44590_no_ignition_nan_20200515.npz,,0.00003583,0,,,1,0,False,,blocked_by_model_b
patch_44591_no_ignition_nan_20200515.npz,/mnt/work/wildfire/test_sets/paired_negative_heavy_1km/patch_44591_no_ignition_nan_20200515.npz,,0.05600663,0,,,1,0,False,,blocked_by_model_b
patch_44592_no_ignition_nan_20200515.npz,/mnt/work/wildfire/test_sets/paired_negative_heavy_1km/patch_44592_no_ignition_nan_20200515.npz,,0.00000346,0,,,1,0,False,,blocked_by_model_b
patch_44593_no_ignition_nan_20200515.npz,/mnt/work/wildfire/test_sets/paired_negative_heavy_1km/patch_44593_no_ignition_nan_20200515.npz,,0.00000222,0,,,1,0,False,,blocked_by_model_b
patch_44594_no_ignition_nan_20200515.npz,/mnt/work/wildfire/test_sets/paired_negative_heavy_1km/patch_44594_no_ignition_nan_20200515.npz,,0.00001499,0,,,1,0,False,,blocked_by_model_b
patch_44595_no_ignition_nan_20200515.npz,/mnt/work/wildfire/test_sets/paired_negative_heavy_1km/patch_44595_no_ignition_nan_20200515.npz,,0.11341371,0,,,1,0,False,,blocked_by_model_b
patch_44596_no_ignition_nan_20200515.npz,/mnt/work/wildfire/test_sets/paired_negative_heavy_1km/patch_44596_no_ignition_nan_20200515.npz,,0.02218500,0,,,1,0,False,,blocked_by_model_b
patch_44597_no_ignition_nan_20200515.npz,/mnt/work/wildfire/test_sets/paired_negative_heavy_1km/patch_44597_no_ignition_nan_20200515.npz,,0.00001864,0,,,1,0,False,,blocked_by_model_b
patch_44598_no_ignition_nan_20200515.npz,/mnt/work/wildfire/test_sets/paired_negative_heavy_1km/patch_44598_no_ignition_nan_20200515.npz,,0.00001993,0,,,1,0,False,,blocked_by_model_b
patch_44599_no_ignition_nan_20200515.npz,/mnt/work/wildfire/test_sets/paired_negative_heavy_1km/patch_44599_no_ignition_nan_20200515.npz,,0.00000504,0,,,1,0,False,,blocked_by_model_b
patch_44600_no_ignition_nan_20200515.npz,/mnt/work/wildfire/test_sets/paired_negative_heavy_1km/patch_44600_no_ignition_nan_20200515.npz,,0.22283368,0,,,1,0,False,,blocked_by_model_b
patch_44601_no_ignition_nan_20200515.npz,/mnt/work/wildfire/test_sets/paired_negative_heavy_1km/patch_44601_no_ignition_nan_20200515.npz,,0.00230977,0,,,1,0,False,,blocked_by_model_b
patch_44602_no_ignition_nan_20200515.npz,/mnt/work/wildfire/test_sets/paired_negative_heavy_1km/patch_44602_no_ignition_nan_20200515.npz,,0.00132944,0,,,1,0,False,,blocked_by_model_b
patch_44603_no_ignition_nan_20200515.npz,/mnt/work/wildfire/test_sets/paired_negative_heavy_1km/patch_44603_no_ignition_nan_20200515.npz,,0.17202237,0,,,1,0,False,,blocked_by_model_b
patch_44604_no_ignition_nan_20200515.npz,/mnt/work/wildfire/test_sets/paired_negative_heavy_1km/patch_44604_no_ignition_nan_20200515.npz,/mnt/work/wildfire/test_sets/paired_negative_heavy_25m/patch_44604_no_ignition_nan_20200515.npz,0.34619370,1,0.64667332,1,1,1,False,False,completed
patch_44605_no_ignition_nan_20200515.npz,/mnt/work/wildfire/test_sets/paired_negative_heavy_1km/patch_44605_no_ignition_nan_20200515.npz,,0.00005698,0,,,1,0,False,,blocked_by_model_b
patch_44606_no_ignition_nan_20200515.npz,/mnt/work/wildfire/test_sets/paired_negative_heavy_1km/patch_44606_no_ignition_nan_20200515.npz,,0.00002944,0,,,1,0,False,,blocked_by_model_b
patch_44607_no_ignition_nan_20200515.npz,/mnt/work/wildfire/test_sets/paired_negative_heavy_1km/patch_44607_no_ignition_nan_20200515.npz,,0.00540719,0,,,1,0,False,,blocked_by_model_b
patch_44608_no_ignition_nan_20200515.npz,/mnt/work/wildfire/test_sets/paired_negative_heavy_1km/patch_44608_no_ignition_nan_20200515.npz,,0.00603727,0,,,1,0,False,,blocked_by_model_b
patch_44609_no_ignition_nan_20200515.npz,/mnt/work/wildfire/test_sets/paired_negative_heavy_1km/patch_44609_no_ignition_nan_20200515.npz,,0.00005866,0,,,1,0,False,,blocked_by_model_b
patch_44610_no_ignition_nan_20200515.npz,/mnt/work/wildfire/test_sets/paired_negative_heavy_1km/patch_44610_no_ignition_nan_20200515.npz,,0.00379838,0,,,1,0,False,,blocked_by_model_b
patch_44611_no_ignition_nan_20200515.npz,/mnt/work/wildfire/test_sets/paired_negative_heavy_1km/patch_44611_no_ignition_nan_20200515.npz,,0.00000449,0,,,1,0,False,,blocked_by_model_b
patch_44612_no_ignition_nan_20200515.npz,/mnt/work/wildfire/test_sets/paired_negative_heavy_1km/patch_44612_no_ignition_nan_20200515.npz,,0.01234322,0,,,1,0,False,,blocked_by_model_b
patch_44613_no_ignition_nan_20200515.npz,/mnt/work/wildfire/test_sets/paired_negative_heavy_1km/patch_44613_no_ignition_nan_20200515.npz,,0.05963293,0,,,1,0,False,,blocked_by_model_b
patch_44614_no_ignition_nan_20200515.npz,/mnt/work/wildfire/test_sets/paired_negative_heavy_1km/patch_44614_no_ignition_nan_20200515.npz,,0.10983509,0,,,1,0,False,,blocked_by_model_b
patch_44615_no_ignition_nan_20200515.npz,/mnt/work/wildfire/test_sets/paired_negative_heavy_1km/patch_44615_no_ignition_nan_20200515.npz,,0.01122486,0,,,1,0,False,,blocked_by_model_b
patch_44616_no_ignition_nan_20200515.npz,/mnt/work/wildfire/test_sets/paired_negative_heavy_1km/patch_44616_no_ignition_nan_20200515.npz,,0.05869253,0,,,1,0,False,,blocked_by_model_b
patch_44617_no_ignition_nan_20200515.npz,/mnt/work/wildfire/test_sets/paired_negative_heavy_1km/patch_44617_no_ignition_nan_20200515.npz,,0.00000157,0,,,1,0,False,,blocked_by_model_b
patch_44618_no_ignition_nan_20200515.npz,/mnt/work/wildfire/test_sets/paired_negative_heavy_1km/patch_44618_no_ignition_nan_20200515.npz,,0.11220491,0,,,1,0,False,,blocked_by_model_b
patch_44619_no_ignition_nan_20200515.npz,/mnt/work/wildfire/test_sets/paired_negative_heavy_1km/patch_44619_no_ignition_nan_20200515.npz,,0.00769800,0,,,1,0,False,,blocked_by_model_b
patch_44620_no_ignition_nan_20200515.npz,/mnt/work/wildfire/test_sets/paired_negative_heavy_1km/patch_44620_no_ignition_nan_20200515.npz,,0.00003756,0,,,1,0,False,,blocked_by_model_b
patch_44621_no_ignition_nan_20200515.npz,/mnt/work/wildfire/test_sets/paired_negative_heavy_1km/patch_44621_no_ignition_nan_20200515.npz,,0.00000106,0,,,1,0,False,,blocked_by_model_b
patch_44622_no_ignition_nan_20200515.npz,/mnt/work/wildfire/test_sets/paired_negative_heavy_1km/patch_44622_no_ignition_nan_20200515.npz,,0.00345295,0,,,1,0,False,,blocked_by_model_b
patch_44623_no_ignition_nan_20200515.npz,/mnt/work/wildfire/test_sets/paired_negative_heavy_1km/patch_44623_no_ignition_nan_20200515.npz,,0.00000477,0,,,1,0,False,,blocked_by_model_b
patch_44624_no_ignition_nan_20200515.npz,/mnt/work/wildfire/test_sets/paired_negative_heavy_1km/patch_44624_no_ignition_nan_20200515.npz,,0.01886834,0,,,1,0,False,,blocked_by_model_b
patch_44625_no_ignition_nan_20200515.npz,/mnt/work/wildfire/test_sets/paired_negative_heavy_1km/patch_44625_no_ignition_nan_20200515.npz,,0.00001872,0,,,1,0,False,,blocked_by_model_b
patch_44626_no_ignition_nan_20200515.npz,/mnt/work/wildfire/test_sets/paired_negative_heavy_1km/patch_44626_no_ignition_nan_20200515.npz,,0.00001252,0,,,1,0,False,,blocked_by_model_b
patch_44627_no_ignition_nan_20200515.npz,/mnt/work/wildfire/test_sets/paired_negative_heavy_1km/patch_44627_no_ignition_nan_20200515.npz,,0.00001399,0,,,1,0,False,,blocked_by_model_b
patch_44628_no_ignition_nan_20200515.npz,/mnt/work/wildfire/test_sets/paired_negative_heavy_1km/patch_44628_no_ignition_nan_20200515.npz,,0.00001487,0,,,1,0,False,,blocked_by_model_b
patch_44629_no_ignition_nan_20200515.npz,/mnt/work/wildfire/test_sets/paired_negative_heavy_1km/patch_44629_no_ignition_nan_20200515.npz,,0.01082894,0,,,1,0,False,,blocked_by_model_b
patch_44630_no_ignition_nan_20200515.npz,/mnt/work/wildfire/test_sets/paired_negative_heavy_1km/patch_44630_no_ignition_nan_20200515.npz,,0.00002872,0,,,1,0,False,,blocked_by_model_b
patch_44631_no_ignition_nan_20200515.npz,/mnt/work/wildfire/test_sets/paired_negative_heavy_1km/patch_44631_no_ignition_nan_20200515.npz,,0.00000089,0,,,1,0,False,,blocked_by_model_b
patch_44632_no_ignition_nan_20200515.npz,/mnt/work/wildfire/test_sets/paired_negative_heavy_1km/patch_44632_no_ignition_nan_20200515.npz,,0.00821175,0,,,1,0,False,,blocked_by_model_b
patch_44633_no_ignition_nan_20200515.npz,/mnt/work/wildfire/test_sets/paired_negative_heavy_1km/patch_44633_no_ignition_nan_20200515.npz,,0.00001398,0,,,1,0,False,,blocked_by_model_b
patch_44634_no_ignition_nan_20200515.npz,/mnt/work/wildfire/test_sets/paired_negative_heavy_1km/patch_44634_no_ignition_nan_20200515.npz,,0.00009573,0,,,1,0,False,,blocked_by_model_b
patch_44635_no_ignition_nan_20200515.npz,/mnt/work/wildfire/test_sets/paired_negative_heavy_1km/patch_44635_no_ignition_nan_20200515.npz,,0.00711278,0,,,1,0,False,,blocked_by_model_b
patch_44636_no_ignition_nan_20200515.npz,/mnt/work/wildfire/test_sets/paired_negative_heavy_1km/patch_44636_no_ignition_nan_20200515.npz,,0.00000154,0,,,1,0,False,,blocked_by_model_b
patch_44637_no_ignition_nan_20200515.npz,/mnt/work/wildfire/test_sets/paired_negative_heavy_1km/patch_44637_no_ignition_nan_20200515.npz,,0.00000393,0,,,1,0,False,,blocked_by_model_b
patch_44638_no_ignition_nan_20200515.npz,/mnt/work/wildfire/test_sets/paired_negative_heavy_1km/patch_44638_no_ignition_nan_20200515.npz,,0.00000642,0,,,1,0,False,,blocked_by_model_b
patch_44639_no_ignition_nan_20200515.npz,/mnt/work/wildfire/test_sets/paired_negative_heavy_1km/patch_44639_no_ignition_nan_20200515.npz,,0.00013449,0,,,1,0,False,,blocked_by_model_b
patch_44640_no_ignition_nan_20200515.npz,/mnt/work/wildfire/test_sets/paired_negative_heavy_1km/patch_44640_no_ignition_nan_20200515.npz,,0.03134476,0,,,1,0,False,,blocked_by_model_b
patch_44641_no_ignition_nan_20200515.npz,/mnt/work/wildfire/test_sets/paired_negative_heavy_1km/patch_44641_no_ignition_nan_20200515.npz,,0.00000140,0,,,1,0,False,,blocked_by_model_b
patch_44642_no_ignition_nan_20200515.npz,/mnt/work/wildfire/test_sets/paired_negative_heavy_1km/patch_44642_no_ignition_nan_20200515.npz,,0.00000300,0,,,1,0,False,,blocked_by_model_b
patch_44643_no_ignition_nan_20200515.npz,/mnt/work/wildfire/test_sets/paired_negative_heavy_1km/patch_44643_no_ignition_nan_20200515.npz,,0.00000931,0,,,1,0,False,,blocked_by_model_b
patch_44644_no_ignition_nan_20200515.npz,/mnt/work/wildfire/test_sets/paired_negative_heavy_1km/patch_44644_no_ignition_nan_20200515.npz,,0.00000248,0,,,1,0,False,,blocked_by_model_b
patch_44645_no_ignition_nan_20200515.npz,/mnt/work/wildfire/test_sets/paired_negative_heavy_1km/patch_44645_no_ignition_nan_20200515.npz,,0.03306570,0,,,1,0,False,,blocked_by_model_b
patch_44646_no_ignition_nan_20200515.npz,/mnt/work/wildfire/test_sets/paired_negative_heavy_1km/patch_44646_no_ignition_nan_20200515.npz,,0.00000098,0,,,1,0,False,,blocked_by_model_b
patch_44647_no_ignition_nan_20200515.npz,/mnt/work/wildfire/test_sets/paired_negative_heavy_1km/patch_44647_no_ignition_nan_20200515.npz,,0.00000773,0,,,1,0,False,,blocked_by_model_b
patch_44648_no_ignition_nan_20200515.npz,/mnt/work/wildfire/test_sets/paired_negative_heavy_1km/patch_44648_no_ignition_nan_20200515.npz,,0.00001246,0,,,1,0,False,,blocked_by_model_b
patch_44649_no_ignition_nan_20200515.npz,/mnt/work/wildfire/test_sets/paired_negative_heavy_1km/patch_44649_no_ignition_nan_20200515.npz,,0.00024251,0,,,1,0,False,,blocked_by_model_b
patch_44650_no_ignition_nan_20200515.npz,/mnt/work/wildfire/test_sets/paired_negative_heavy_1km/patch_44650_no_ignition_nan_20200515.npz,,0.00002924,0,,,1,0,False,,blocked_by_model_b
patch_44651_no_ignition_nan_20200515.npz,/mnt/work/wildfire/test_sets/paired_negative_heavy_1km/patch_44651_no_ignition_nan_20200515.npz,,0.00001215,0,,,1,0,False,,blocked_by_model_b
patch_44652_no_ignition_nan_20200515.npz,/mnt/work/wildfire/test_sets/paired_negative_heavy_1km/patch_44652_no_ignition_nan_20200515.npz,,0.00000238,0,,,1,0,False,,blocked_by_model_b
patch_44653_no_ignition_nan_20200515.npz,/mnt/work/wildfire/test_sets/paired_negative_heavy_1km/patch_44653_no_ignition_nan_20200515.npz,,0.00137501,0,,,1,0,False,,blocked_by_model_b
patch_44654_no_ignition_nan_20200515.npz,/mnt/work/wildfire/test_sets/paired_negative_heavy_1km/patch_44654_no_ignition_nan_20200515.npz,,0.00001742,0,,,1,0,False,,blocked_by_model_b
patch_44655_no_ignition_nan_20200515.npz,/mnt/work/wildfire/test_sets/paired_negative_heavy_1km/patch_44655_no_ignition_nan_20200515.npz,,0.00008662,0,,,1,0,False,,blocked_by_model_b
patch_44656_no_ignition_nan_20200515.npz,/mnt/work/wildfire/test_sets/paired_negative_heavy_1km/patch_44656_no_ignition_nan_20200515.npz,,0.00025541,0,,,1,0,False,,blocked_by_model_b
patch_44657_no_ignition_nan_20200515.npz,/mnt/work/wildfire/test_sets/paired_negative_heavy_1km/patch_44657_no_ignition_nan_20200515.npz,,0.00003268,0,,,1,0,False,,blocked_by_model_b
patch_44658_no_ignition_nan_20200515.npz,/mnt/work/wildfire/test_sets/paired_negative_heavy_1km/patch_44658_no_ignition_nan_20200515.npz,,0.05469536,0,,,1,0,False,,blocked_by_model_b
patch_44659_no_ignition_nan_20200515.npz,/mnt/work/wildfire/test_sets/paired_negative_heavy_1km/patch_44659_no_ignition_nan_20200515.npz,,0.00000254,0,,,1,0,False,,blocked_by_model_b
patch_44660_no_ignition_nan_20200515.npz,/mnt/work/wildfire/test_sets/paired_negative_heavy_1km/patch_44660_no_ignition_nan_20200515.npz,,0.00011363,0,,,1,0,False,,blocked_by_model_b
patch_44661_no_ignition_nan_20200515.npz,/mnt/work/wildfire/test_sets/paired_negative_heavy_1km/patch_44661_no_ignition_nan_20200515.npz,,0.00003051,0,,,1,0,False,,blocked_by_model_b
patch_44662_no_ignition_nan_20200515.npz,/mnt/work/wildfire/test_sets/paired_negative_heavy_1km/patch_44662_no_ignition_nan_20200515.npz,,0.00011259,0,,,1,0,False,,blocked_by_model_b
patch_44663_no_ignition_nan_20200515.npz,/mnt/work/wildfire/test_sets/paired_negative_heavy_1km/patch_44663_no_ignition_nan_20200515.npz,,0.00045524,0,,,1,0,False,,blocked_by_model_b
patch_44664_no_ignition_nan_20200515.npz,/mnt/work/wildfire/test_sets/paired_negative_heavy_1km/patch_44664_no_ignition_nan_20200515.npz,,0.14327043,0,,,1,0,False,,blocked_by_model_b
patch_44665_no_ignition_nan_20200515.npz,/mnt/work/wildfire/test_sets/paired_negative_heavy_1km/patch_44665_no_ignition_nan_20200515.npz,,0.00001493,0,,,1,0,False,,blocked_by_model_b
patch_44666_no_ignition_nan_20200515.npz,/mnt/work/wildfire/test_sets/paired_negative_heavy_1km/patch_44666_no_ignition_nan_20200515.npz,,0.00002198,0,,,1,0,False,,blocked_by_model_b
patch_44667_no_ignition_nan_20200515.npz,/mnt/work/wildfire/test_sets/paired_negative_heavy_1km/patch_44667_no_ignition_nan_20200515.npz,,0.00001801,0,,,1,0,False,,blocked_by_model_b
patch_44668_no_ignition_nan_20200515.npz,/mnt/work/wildfire/test_sets/paired_negative_heavy_1km/patch_44668_no_ignition_nan_20200515.npz,,0.00000713,0,,,1,0,False,,blocked_by_model_b
patch_44669_no_ignition_nan_20200515.npz,/mnt/work/wildfire/test_sets/paired_negative_heavy_1km/patch_44669_no_ignition_nan_20200515.npz,,0.05047033,0,,,1,0,False,,blocked_by_model_b
patch_44670_no_ignition_nan_20200515.npz,/mnt/work/wildfire/test_sets/paired_negative_heavy_1km/patch_44670_no_ignition_nan_20200515.npz,,0.00002232,0,,,1,0,False,,blocked_by_model_b
patch_44671_no_ignition_nan_20200515.npz,/mnt/work/wildfire/test_sets/paired_negative_heavy_1km/patch_44671_no_ignition_nan_20200515.npz,,0.02126961,0,,,1,0,False,,blocked_by_model_b
patch_44672_no_ignition_nan_20200515.npz,/mnt/work/wildfire/test_sets/paired_negative_heavy_1km/patch_44672_no_ignition_nan_20200515.npz,,0.10023466,0,,,1,0,False,,blocked_by_model_b
patch_44673_no_ignition_nan_20200515.npz,/mnt/work/wildfire/test_sets/paired_negative_heavy_1km/patch_44673_no_ignition_nan_20200515.npz,,0.03255721,0,,,1,0,False,,blocked_by_model_b
patch_44674_no_ignition_nan_20200515.npz,/mnt/work/wildfire/test_sets/paired_negative_heavy_1km/patch_44674_no_ignition_nan_20200515.npz,,0.00002012,0,,,1,0,False,,blocked_by_model_b
patch_44675_no_ignition_nan_20200515.npz,/mnt/work/wildfire/test_sets/paired_negative_heavy_1km/patch_44675_no_ignition_nan_20200515.npz,,0.01887814,0,,,1,0,False,,blocked_by_model_b
patch_44676_no_ignition_nan_20200515.npz,/mnt/work/wildfire/test_sets/paired_negative_heavy_1km/patch_44676_no_ignition_nan_20200515.npz,,0.00966532,0,,,1,0,False,,blocked_by_model_b
patch_44677_no_ignition_nan_20200515.npz,/mnt/work/wildfire/test_sets/paired_negative_heavy_1km/patch_44677_no_ignition_nan_20200515.npz,,0.02225302,0,,,1,0,False,,blocked_by_model_b
patch_44678_no_ignition_nan_20200515.npz,/mnt/work/wildfire/test_sets/paired_negative_heavy_1km/patch_44678_no_ignition_nan_20200515.npz,,0.00002679,0,,,1,0,False,,blocked_by_model_b
patch_44679_no_ignition_nan_20200515.npz,/mnt/work/wildfire/test_sets/paired_negative_heavy_1km/patch_44679_no_ignition_nan_20200515.npz,,0.14348878,0,,,1,0,False,,blocked_by_model_b
patch_44680_no_ignition_nan_20200515.npz,/mnt/work/wildfire/test_sets/paired_negative_heavy_1km/patch_44680_no_ignition_nan_20200515.npz,,0.03576912,0,,,1,0,False,,blocked_by_model_b
patch_44681_no_ignition_nan_20200515.npz,/mnt/work/wildfire/test_sets/paired_negative_heavy_1km/patch_44681_no_ignition_nan_20200515.npz,,0.01329911,0,,,1,0,False,,blocked_by_model_b
patch_44682_no_ignition_nan_20200515.npz,/mnt/work/wildfire/test_sets/paired_negative_heavy_1km/patch_44682_no_ignition_nan_20200515.npz,,0.00202150,0,,,1,0,False,,blocked_by_model_b
patch_44683_no_ignition_nan_20200515.npz,/mnt/work/wildfire/test_sets/paired_negative_heavy_1km/patch_44683_no_ignition_nan_20200515.npz,,0.00002579,0,,,1,0,False,,blocked_by_model_b
patch_44684_no_ignition_nan_20200515.npz,/mnt/work/wildfire/test_sets/paired_negative_heavy_1km/patch_44684_no_ignition_nan_20200515.npz,,0.00001272,0,,,1,0,False,,blocked_by_model_b
patch_44685_no_ignition_nan_20200515.npz,/mnt/work/wildfire/test_sets/paired_negative_heavy_1km/patch_44685_no_ignition_nan_20200515.npz,,0.19687071,0,,,1,0,False,,blocked_by_model_b
patch_44686_no_ignition_nan_20200515.npz,/mnt/work/wildfire/test_sets/paired_negative_heavy_1km/patch_44686_no_ignition_nan_20200515.npz,,0.05349203,0,,,1,0,False,,blocked_by_model_b
patch_44687_no_ignition_nan_20200515.npz,/mnt/work/wildfire/test_sets/paired_negative_heavy_1km/patch_44687_no_ignition_nan_20200515.npz,,0.00726689,0,,,1,0,False,,blocked_by_model_b
patch_44688_no_ignition_nan_20200515.npz,/mnt/work/wildfire/test_sets/paired_negative_heavy_1km/patch_44688_no_ignition_nan_20200515.npz,,0.00001004,0,,,1,0,False,,blocked_by_model_b
patch_44689_no_ignition_nan_20200515.npz,/mnt/work/wildfire/test_sets/paired_negative_heavy_1km/patch_44689_no_ignition_nan_20200515.npz,,0.00000138,0,,,1,0,False,,blocked_by_model_b
patch_44690_no_ignition_nan_20200515.npz,/mnt/work/wildfire/test_sets/paired_negative_heavy_1km/patch_44690_no_ignition_nan_20200515.npz,,0.00001422,0,,,1,0,False,,blocked_by_model_b
patch_44691_no_ignition_nan_20200515.npz,/mnt/work/wildfire/test_sets/paired_negative_heavy_1km/patch_44691_no_ignition_nan_20200515.npz,,0.00917744,0,,,1,0,False,,blocked_by_model_b
patch_44692_no_ignition_nan_20200515.npz,/mnt/work/wildfire/test_sets/paired_negative_heavy_1km/patch_44692_no_ignition_nan_20200515.npz,,0.00002003,0,,,1,0,False,,blocked_by_model_b
patch_44693_no_ignition_nan_20200515.npz,/mnt/work/wildfire/test_sets/paired_negative_heavy_1km/patch_44693_no_ignition_nan_20200515.npz,,0.02249986,0,,,1,0,False,,blocked_by_model_b
patch_44694_no_ignition_nan_20200515.npz,/mnt/work/wildfire/test_sets/paired_negative_heavy_1km/patch_44694_no_ignition_nan_20200515.npz,,0.01743877,0,,,1,0,False,,blocked_by_model_b
patch_44695_no_ignition_nan_20200515.npz,/mnt/work/wildfire/test_sets/paired_negative_heavy_1km/patch_44695_no_ignition_nan_20200515.npz,,0.01173500,0,,,1,0,False,,blocked_by_model_b
patch_44696_no_ignition_nan_20200515.npz,/mnt/work/wildfire/test_sets/paired_negative_heavy_1km/patch_44696_no_ignition_nan_20200515.npz,,0.00003362,0,,,1,0,False,,blocked_by_model_b
patch_44697_no_ignition_nan_20200515.npz,/mnt/work/wildfire/test_sets/paired_negative_heavy_1km/patch_44697_no_ignition_nan_20200515.npz,,0.00000154,0,,,1,0,False,,blocked_by_model_b
patch_44698_no_ignition_nan_20200515.npz,/mnt/work/wildfire/test_sets/paired_negative_heavy_1km/patch_44698_no_ignition_nan_20200515.npz,,0.00237237,0,,,1,0,False,,blocked_by_model_b
patch_44699_no_ignition_nan_20200515.npz,/mnt/work/wildfire/test_sets/paired_negative_heavy_1km/patch_44699_no_ignition_nan_20200515.npz,,0.03900233,0,,,1,0,False,,blocked_by_model_b
patch_44700_no_ignition_nan_20200515.npz,/mnt/work/wildfire/test_sets/paired_negative_heavy_1km/patch_44700_no_ignition_nan_20200515.npz,,0.03832866,0,,,1,0,False,,blocked_by_model_b
patch_44701_no_ignition_nan_20200515.npz,/mnt/work/wildfire/test_sets/paired_negative_heavy_1km/patch_44701_no_ignition_nan_20200515.npz,,0.00007954,0,,,1,0,False,,blocked_by_model_b
patch_44702_no_ignition_nan_20200515.npz,/mnt/work/wildfire/test_sets/paired_negative_heavy_1km/patch_44702_no_ignition_nan_20200515.npz,/mnt/work/wildfire/test_sets/paired_negative_heavy_25m/patch_44702_no_ignition_nan_20200515.npz,0.32114813,1,0.48576275,0,1,0,False,False,completed
patch_44703_no_ignition_nan_20200515.npz,/mnt/work/wildfire/test_sets/paired_negative_heavy_1km/patch_44703_no_ignition_nan_20200515.npz,,0.00002741,0,,,1,0,False,,blocked_by_model_b
patch_44704_no_ignition_nan_20200515.npz,/mnt/work/wildfire/test_sets/paired_negative_heavy_1km/patch_44704_no_ignition_nan_20200515.npz,,0.00387355,0,,,1,0,False,,blocked_by_model_b
patch_44705_no_ignition_nan_20200515.npz,/mnt/work/wildfire/test_sets/paired_negative_heavy_1km/patch_44705_no_ignition_nan_20200515.npz,,0.00006556,0,,,1,0,False,,blocked_by_model_b
patch_44706_no_ignition_nan_20200515.npz,/mnt/work/wildfire/test_sets/paired_negative_heavy_1km/patch_44706_no_ignition_nan_20200515.npz,,0.01213961,0,,,1,0,False,,blocked_by_model_b
patch_44707_no_ignition_nan_20200515.npz,/mnt/work/wildfire/test_sets/paired_negative_heavy_1km/patch_44707_no_ignition_nan_20200515.npz,,0.00001281,0,,,1,0,False,,blocked_by_model_b
patch_44708_no_ignition_nan_20200515.npz,/mnt/work/wildfire/test_sets/paired_negative_heavy_1km/patch_44708_no_ignition_nan_20200515.npz,,0.03557885,0,,,1,0,False,,blocked_by_model_b
patch_44709_no_ignition_nan_20200515.npz,/mnt/work/wildfire/test_sets/paired_negative_heavy_1km/patch_44709_no_ignition_nan_20200515.npz,,0.09960242,0,,,1,0,False,,blocked_by_model_b
patch_44710_no_ignition_nan_20200515.npz,/mnt/work/wildfire/test_sets/paired_negative_heavy_1km/patch_44710_no_ignition_nan_20200515.npz,,0.28198007,0,,,1,0,False,,blocked_by_model_b
patch_44711_no_ignition_nan_20200515.npz,/mnt/work/wildfire/test_sets/paired_negative_heavy_1km/patch_44711_no_ignition_nan_20200515.npz,,0.00014737,0,,,1,0,False,,blocked_by_model_b
patch_44712_no_ignition_nan_20200515.npz,/mnt/work/wildfire/test_sets/paired_negative_heavy_1km/patch_44712_no_ignition_nan_20200515.npz,,0.00943190,0,,,1,0,False,,blocked_by_model_b
patch_44713_no_ignition_nan_20200515.npz,/mnt/work/wildfire/test_sets/paired_negative_heavy_1km/patch_44713_no_ignition_nan_20200515.npz,,0.00000176,0,,,1,0,False,,blocked_by_model_b
patch_44714_no_ignition_nan_20200515.npz,/mnt/work/wildfire/test_sets/paired_negative_heavy_1km/patch_44714_no_ignition_nan_20200515.npz,,0.00001704,0,,,1,0,False,,blocked_by_model_b
patch_44715_no_ignition_nan_20200615.npz,/mnt/work/wildfire/test_sets/paired_negative_heavy_1km/patch_44715_no_ignition_nan_20200615.npz,,0.00003722,0,,,1,0,False,,blocked_by_model_b
patch_44716_no_ignition_nan_20200615.npz,/mnt/work/wildfire/test_sets/paired_negative_heavy_1km/patch_44716_no_ignition_nan_20200615.npz,,0.00001466,0,,,1,0,False,,blocked_by_model_b
patch_44717_no_ignition_nan_20200615.npz,/mnt/work/wildfire/test_sets/paired_negative_heavy_1km/patch_44717_no_ignition_nan_20200615.npz,,0.03509109,0,,,1,0,False,,blocked_by_model_b
patch_44718_no_ignition_nan_20200615.npz,/mnt/work/wildfire/test_sets/paired_negative_heavy_1km/patch_44718_no_ignition_nan_20200615.npz,,0.00000749,0,,,1,0,False,,blocked_by_model_b
patch_44719_no_ignition_nan_20200615.npz,/mnt/work/wildfire/test_sets/paired_negative_heavy_1km/patch_44719_no_ignition_nan_20200615.npz,/mnt/work/wildfire/test_sets/paired_negative_heavy_25m/patch_44719_no_ignition_nan_20200615.npz,0.46255648,1,0.67601097,1,1,1,False,False,completed
patch_44720_no_ignition_nan_20200615.npz,/mnt/work/wildfire/test_sets/paired_negative_heavy_1km/patch_44720_no_ignition_nan_20200615.npz,,0.00000215,0,,,1,0,False,,blocked_by_model_b
patch_44721_no_ignition_nan_20200615.npz,/mnt/work/wildfire/test_sets/paired_negative_heavy_1km/patch_44721_no_ignition_nan_20200615.npz,,0.00008258,0,,,1,0,False,,blocked_by_model_b
patch_44722_no_ignition_nan_20200615.npz,/mnt/work/wildfire/test_sets/paired_negative_heavy_1km/patch_44722_no_ignition_nan_20200615.npz,,0.00000140,0,,,1,0,False,,blocked_by_model_b
patch_44723_no_ignition_nan_20200615.npz,/mnt/work/wildfire/test_sets/paired_negative_heavy_1km/patch_44723_no_ignition_nan_20200615.npz,,0.00001984,0,,,1,0,False,,blocked_by_model_b
patch_44724_no_ignition_nan_20200615.npz,/mnt/work/wildfire/test_sets/paired_negative_heavy_1km/patch_44724_no_ignition_nan_20200615.npz,/mnt/work/wildfire/test_sets/paired_negative_heavy_25m/patch_44724_no_ignition_nan_20200615.npz,0.42109203,1,0.59999287,1,1,1,False,False,completed
patch_44725_no_ignition_nan_20200615.npz,/mnt/work/wildfire/test_sets/paired_negative_heavy_1km/patch_44725_no_ignition_nan_20200615.npz,,0.26794359,0,,,1,0,False,,blocked_by_model_b
patch_44726_no_ignition_nan_20200615.npz,/mnt/work/wildfire/test_sets/paired_negative_heavy_1km/patch_44726_no_ignition_nan_20200615.npz,,0.00007631,0,,,1,0,False,,blocked_by_model_b
patch_44727_no_ignition_nan_20200615.npz,/mnt/work/wildfire/test_sets/paired_negative_heavy_1km/patch_44727_no_ignition_nan_20200615.npz,,0.00009345,0,,,1,0,False,,blocked_by_model_b
patch_44728_no_ignition_nan_20200615.npz,/mnt/work/wildfire/test_sets/paired_negative_heavy_1km/patch_44728_no_ignition_nan_20200615.npz,,0.18303508,0,,,1,0,False,,blocked_by_model_b
patch_44729_no_ignition_nan_20200615.npz,/mnt/work/wildfire/test_sets/paired_negative_heavy_1km/patch_44729_no_ignition_nan_20200615.npz,,0.00003615,0,,,1,0,False,,blocked_by_model_b
patch_44730_no_ignition_nan_20200615.npz,/mnt/work/wildfire/test_sets/paired_negative_heavy_1km/patch_44730_no_ignition_nan_20200615.npz,,0.00011332,0,,,1,0,False,,blocked_by_model_b
patch_44731_no_ignition_nan_20200615.npz,/mnt/work/wildfire/test_sets/paired_negative_heavy_1km/patch_44731_no_ignition_nan_20200615.npz,,0.25058365,0,,,1,0,False,,blocked_by_model_b
patch_44732_no_ignition_nan_20200615.npz,/mnt/work/wildfire/test_sets/paired_negative_heavy_1km/patch_44732_no_ignition_nan_20200615.npz,,0.01661727,0,,,1,0,False,,blocked_by_model_b
patch_44733_no_ignition_nan_20200615.npz,/mnt/work/wildfire/test_sets/paired_negative_heavy_1km/patch_44733_no_ignition_nan_20200615.npz,,0.00000092,0,,,1,0,False,,blocked_by_model_b
patch_44734_no_ignition_nan_20200615.npz,/mnt/work/wildfire/test_sets/paired_negative_heavy_1km/patch_44734_no_ignition_nan_20200615.npz,,0.00010074,0,,,1,0,False,,blocked_by_model_b
patch_44735_no_ignition_nan_20200615.npz,/mnt/work/wildfire/test_sets/paired_negative_heavy_1km/patch_44735_no_ignition_nan_20200615.npz,,0.00000786,0,,,1,0,False,,blocked_by_model_b
patch_44736_no_ignition_nan_20200615.npz,/mnt/work/wildfire/test_sets/paired_negative_heavy_1km/patch_44736_no_ignition_nan_20200615.npz,,0.00008504,0,,,1,0,False,,blocked_by_model_b
patch_44737_no_ignition_nan_20200615.npz,/mnt/work/wildfire/test_sets/paired_negative_heavy_1km/patch_44737_no_ignition_nan_20200615.npz,,0.26994410,0,,,1,0,False,,blocked_by_model_b
patch_44738_no_ignition_nan_20200615.npz,/mnt/work/wildfire/test_sets/paired_negative_heavy_1km/patch_44738_no_ignition_nan_20200615.npz,,0.00018782,0,,,1,0,False,,blocked_by_model_b
patch_44739_no_ignition_nan_20200615.npz,/mnt/work/wildfire/test_sets/paired_negative_heavy_1km/patch_44739_no_ignition_nan_20200615.npz,,0.11674987,0,,,1,0,False,,blocked_by_model_b
patch_44740_no_ignition_nan_20200615.npz,/mnt/work/wildfire/test_sets/paired_negative_heavy_1km/patch_44740_no_ignition_nan_20200615.npz,,0.06873952,0,,,1,0,False,,blocked_by_model_b
patch_44741_no_ignition_nan_20200615.npz,/mnt/work/wildfire/test_sets/paired_negative_heavy_1km/patch_44741_no_ignition_nan_20200615.npz,,0.00003612,0,,,1,0,False,,blocked_by_model_b
patch_44742_no_ignition_nan_20200615.npz,/mnt/work/wildfire/test_sets/paired_negative_heavy_1km/patch_44742_no_ignition_nan_20200615.npz,,0.20433195,0,,,1,0,False,,blocked_by_model_b
patch_44743_no_ignition_nan_20200615.npz,/mnt/work/wildfire/test_sets/paired_negative_heavy_1km/patch_44743_no_ignition_nan_20200615.npz,/mnt/work/wildfire/test_sets/paired_negative_heavy_25m/patch_44743_no_ignition_nan_20200615.npz,0.40791965,1,0.68203068,1,1,1,False,False,completed
patch_44744_no_ignition_nan_20200615.npz,/mnt/work/wildfire/test_sets/paired_negative_heavy_1km/patch_44744_no_ignition_nan_20200615.npz,,0.02388059,0,,,1,0,False,,blocked_by_model_b
patch_44745_no_ignition_nan_20200615.npz,/mnt/work/wildfire/test_sets/paired_negative_heavy_1km/patch_44745_no_ignition_nan_20200615.npz,,0.00004465,0,,,1,0,False,,blocked_by_model_b
patch_44746_no_ignition_nan_20200615.npz,/mnt/work/wildfire/test_sets/paired_negative_heavy_1km/patch_44746_no_ignition_nan_20200615.npz,,0.26293099,0,,,1,0,False,,blocked_by_model_b
patch_44747_no_ignition_nan_20200615.npz,/mnt/work/wildfire/test_sets/paired_negative_heavy_1km/patch_44747_no_ignition_nan_20200615.npz,,0.27436176,0,,,1,0,False,,blocked_by_model_b
patch_44748_no_ignition_nan_20200615.npz,/mnt/work/wildfire/test_sets/paired_negative_heavy_1km/patch_44748_no_ignition_nan_20200615.npz,,0.01322941,0,,,1,0,False,,blocked_by_model_b
patch_44749_no_ignition_nan_20200615.npz,/mnt/work/wildfire/test_sets/paired_negative_heavy_1km/patch_44749_no_ignition_nan_20200615.npz,,0.10740352,0,,,1,0,False,,blocked_by_model_b
patch_44750_no_ignition_nan_20200615.npz,/mnt/work/wildfire/test_sets/paired_negative_heavy_1km/patch_44750_no_ignition_nan_20200615.npz,,0.00002210,0,,,1,0,False,,blocked_by_model_b
patch_44751_no_ignition_nan_20200615.npz,/mnt/work/wildfire/test_sets/paired_negative_heavy_1km/patch_44751_no_ignition_nan_20200615.npz,,0.00002175,0,,,1,0,False,,blocked_by_model_b
patch_44752_no_ignition_nan_20200615.npz,/mnt/work/wildfire/test_sets/paired_negative_heavy_1km/patch_44752_no_ignition_nan_20200615.npz,,0.00002108,0,,,1,0,False,,blocked_by_model_b
patch_44753_no_ignition_nan_20200615.npz,/mnt/work/wildfire/test_sets/paired_negative_heavy_1km/patch_44753_no_ignition_nan_20200615.npz,/mnt/work/wildfire/test_sets/paired_negative_heavy_25m/patch_44753_no_ignition_nan_20200615.npz,0.40400821,1,0.61869532,1,1,1,False,False,completed
patch_44754_no_ignition_nan_20200615.npz,/mnt/work/wildfire/test_sets/paired_negative_heavy_1km/patch_44754_no_ignition_nan_20200615.npz,,0.04173885,0,,,1,0,False,,blocked_by_model_b
patch_44755_no_ignition_nan_20200615.npz,/mnt/work/wildfire/test_sets/paired_negative_heavy_1km/patch_44755_no_ignition_nan_20200615.npz,,0.00011102,0,,,1,0,False,,blocked_by_model_b
patch_44756_no_ignition_nan_20200615.npz,/mnt/work/wildfire/test_sets/paired_negative_heavy_1km/patch_44756_no_ignition_nan_20200615.npz,,0.25469533,0,,,1,0,False,,blocked_by_model_b
patch_44757_no_ignition_nan_20200615.npz,/mnt/work/wildfire/test_sets/paired_negative_heavy_1km/patch_44757_no_ignition_nan_20200615.npz,/mnt/work/wildfire/test_sets/paired_negative_heavy_25m/patch_44757_no_ignition_nan_20200615.npz,0.65095919,1,0.41910458,0,1,0,False,False,completed
patch_44758_no_ignition_nan_20200615.npz,/mnt/work/wildfire/test_sets/paired_negative_heavy_1km/patch_44758_no_ignition_nan_20200615.npz,,0.00010995,0,,,1,0,False,,blocked_by_model_b
patch_44759_no_ignition_nan_20200615.npz,/mnt/work/wildfire/test_sets/paired_negative_heavy_1km/patch_44759_no_ignition_nan_20200615.npz,,0.00009085,0,,,1,0,False,,blocked_by_model_b
patch_44760_no_ignition_nan_20200615.npz,/mnt/work/wildfire/test_sets/paired_negative_heavy_1km/patch_44760_no_ignition_nan_20200615.npz,,0.19409217,0,,,1,0,False,,blocked_by_model_b
patch_44761_no_ignition_nan_20200615.npz,/mnt/work/wildfire/test_sets/paired_negative_heavy_1km/patch_44761_no_ignition_nan_20200615.npz,,0.00017410,0,,,1,0,False,,blocked_by_model_b
patch_44762_no_ignition_nan_20200615.npz,/mnt/work/wildfire/test_sets/paired_negative_heavy_1km/patch_44762_no_ignition_nan_20200615.npz,,0.00710892,0,,,1,0,False,,blocked_by_model_b
patch_44763_no_ignition_nan_20200615.npz,/mnt/work/wildfire/test_sets/paired_negative_heavy_1km/patch_44763_no_ignition_nan_20200615.npz,,0.00000158,0,,,1,0,False,,blocked_by_model_b
patch_44764_no_ignition_nan_20200615.npz,/mnt/work/wildfire/test_sets/paired_negative_heavy_1km/patch_44764_no_ignition_nan_20200615.npz,,0.00013766,0,,,1,0,False,,blocked_by_model_b
patch_44765_no_ignition_nan_20200615.npz,/mnt/work/wildfire/test_sets/paired_negative_heavy_1km/patch_44765_no_ignition_nan_20200615.npz,,0.00014355,0,,,1,0,False,,blocked_by_model_b
patch_44766_no_ignition_nan_20200615.npz,/mnt/work/wildfire/test_sets/paired_negative_heavy_1km/patch_44766_no_ignition_nan_20200615.npz,,0.00048777,0,,,1,0,False,,blocked_by_model_b
patch_44767_no_ignition_nan_20200615.npz,/mnt/work/wildfire/test_sets/paired_negative_heavy_1km/patch_44767_no_ignition_nan_20200615.npz,,0.00006213,0,,,1,0,False,,blocked_by_model_b
patch_44768_no_ignition_nan_20200615.npz,/mnt/work/wildfire/test_sets/paired_negative_heavy_1km/patch_44768_no_ignition_nan_20200615.npz,/mnt/work/wildfire/test_sets/paired_negative_heavy_25m/patch_44768_no_ignition_nan_20200615.npz,0.32593402,1,0.64692795,1,1,1,False,False,completed
patch_44769_no_ignition_nan_20200615.npz,/mnt/work/wildfire/test_sets/paired_negative_heavy_1km/patch_44769_no_ignition_nan_20200615.npz,,0.26200685,0,,,1,0,False,,blocked_by_model_b
patch_44770_no_ignition_nan_20200615.npz,/mnt/work/wildfire/test_sets/paired_negative_heavy_1km/patch_44770_no_ignition_nan_20200615.npz,,0.00007336,0,,,1,0,False,,blocked_by_model_b
patch_44771_no_ignition_nan_20200615.npz,/mnt/work/wildfire/test_sets/paired_negative_heavy_1km/patch_44771_no_ignition_nan_20200615.npz,,0.00018923,0,,,1,0,False,,blocked_by_model_b
patch_44772_no_ignition_nan_20200615.npz,/mnt/work/wildfire/test_sets/paired_negative_heavy_1km/patch_44772_no_ignition_nan_20200615.npz,,0.00000688,0,,,1,0,False,,blocked_by_model_b
patch_44773_no_ignition_nan_20200615.npz,/mnt/work/wildfire/test_sets/paired_negative_heavy_1km/patch_44773_no_ignition_nan_20200615.npz,,0.00279488,0,,,1,0,False,,blocked_by_model_b
patch_44774_no_ignition_nan_20200615.npz,/mnt/work/wildfire/test_sets/paired_negative_heavy_1km/patch_44774_no_ignition_nan_20200615.npz,,0.00005905,0,,,1,0,False,,blocked_by_model_b
patch_44775_no_ignition_nan_20200615.npz,/mnt/work/wildfire/test_sets/paired_negative_heavy_1km/patch_44775_no_ignition_nan_20200615.npz,/mnt/work/wildfire/test_sets/paired_negative_heavy_25m/patch_44775_no_ignition_nan_20200615.npz,0.43165469,1,0.69056106,1,1,1,False,False,completed
patch_44776_no_ignition_nan_20200615.npz,/mnt/work/wildfire/test_sets/paired_negative_heavy_1km/patch_44776_no_ignition_nan_20200615.npz,,0.00000120,0,,,1,0,False,,blocked_by_model_b
patch_44777_no_ignition_nan_20200615.npz,/mnt/work/wildfire/test_sets/paired_negative_heavy_1km/patch_44777_no_ignition_nan_20200615.npz,,0.00334259,0,,,1,0,False,,blocked_by_model_b
patch_44778_no_ignition_nan_20200615.npz,/mnt/work/wildfire/test_sets/paired_negative_heavy_1km/patch_44778_no_ignition_nan_20200615.npz,,0.18029113,0,,,1,0,False,,blocked_by_model_b
patch_44779_no_ignition_nan_20200615.npz,/mnt/work/wildfire/test_sets/paired_negative_heavy_1km/patch_44779_no_ignition_nan_20200615.npz,,0.02022902,0,,,1,0,False,,blocked_by_model_b
patch_44780_no_ignition_nan_20200615.npz,/mnt/work/wildfire/test_sets/paired_negative_heavy_1km/patch_44780_no_ignition_nan_20200615.npz,,0.13874736,0,,,1,0,False,,blocked_by_model_b
patch_44781_no_ignition_nan_20200615.npz,/mnt/work/wildfire/test_sets/paired_negative_heavy_1km/patch_44781_no_ignition_nan_20200615.npz,/mnt/work/wildfire/test_sets/paired_negative_heavy_25m/patch_44781_no_ignition_nan_20200615.npz,0.39031914,1,0.56726843,1,1,1,False,False,completed
patch_44782_no_ignition_nan_20200615.npz,/mnt/work/wildfire/test_sets/paired_negative_heavy_1km/patch_44782_no_ignition_nan_20200615.npz,,0.00002526,0,,,1,0,False,,blocked_by_model_b
patch_44783_no_ignition_nan_20200615.npz,/mnt/work/wildfire/test_sets/paired_negative_heavy_1km/patch_44783_no_ignition_nan_20200615.npz,,0.00311813,0,,,1,0,False,,blocked_by_model_b
patch_44784_no_ignition_nan_20200615.npz,/mnt/work/wildfire/test_sets/paired_negative_heavy_1km/patch_44784_no_ignition_nan_20200615.npz,,0.00000114,0,,,1,0,False,,blocked_by_model_b
patch_44785_no_ignition_nan_20200615.npz,/mnt/work/wildfire/test_sets/paired_negative_heavy_1km/patch_44785_no_ignition_nan_20200615.npz,,0.07309932,0,,,1,0,False,,blocked_by_model_b
patch_44786_no_ignition_nan_20200615.npz,/mnt/work/wildfire/test_sets/paired_negative_heavy_1km/patch_44786_no_ignition_nan_20200615.npz,/mnt/work/wildfire/test_sets/paired_negative_heavy_25m/patch_44786_no_ignition_nan_20200615.npz,0.32625031,1,0.67269593,1,1,1,False,False,completed
patch_44787_no_ignition_nan_20200615.npz,/mnt/work/wildfire/test_sets/paired_negative_heavy_1km/patch_44787_no_ignition_nan_20200615.npz,,0.00001832,0,,,1,0,False,,blocked_by_model_b
patch_44788_no_ignition_nan_20200615.npz,/mnt/work/wildfire/test_sets/paired_negative_heavy_1km/patch_44788_no_ignition_nan_20200615.npz,,0.00008382,0,,,1,0,False,,blocked_by_model_b
patch_44789_no_ignition_nan_20200615.npz,/mnt/work/wildfire/test_sets/paired_negative_heavy_1km/patch_44789_no_ignition_nan_20200615.npz,,0.21078935,0,,,1,0,False,,blocked_by_model_b
patch_44790_no_ignition_nan_20200715.npz,/mnt/work/wildfire/test_sets/paired_negative_heavy_1km/patch_44790_no_ignition_nan_20200715.npz,,0.07623000,0,,,1,0,False,,blocked_by_model_b
patch_44791_no_ignition_nan_20200715.npz,/mnt/work/wildfire/test_sets/paired_negative_heavy_1km/patch_44791_no_ignition_nan_20200715.npz,,0.03786277,0,,,1,0,False,,blocked_by_model_b
patch_44792_no_ignition_nan_20200715.npz,/mnt/work/wildfire/test_sets/paired_negative_heavy_1km/patch_44792_no_ignition_nan_20200715.npz,,0.00387762,0,,,1,0,False,,blocked_by_model_b
patch_44793_no_ignition_nan_20200715.npz,/mnt/work/wildfire/test_sets/paired_negative_heavy_1km/patch_44793_no_ignition_nan_20200715.npz,,0.00441721,0,,,1,0,False,,blocked_by_model_b
patch_44794_no_ignition_nan_20200715.npz,/mnt/work/wildfire/test_sets/paired_negative_heavy_1km/patch_44794_no_ignition_nan_20200715.npz,,0.00006160,0,,,1,0,False,,blocked_by_model_b
patch_44795_no_ignition_nan_20200715.npz,/mnt/work/wildfire/test_sets/paired_negative_heavy_1km/patch_44795_no_ignition_nan_20200715.npz,,0.00017130,0,,,1,0,False,,blocked_by_model_b
patch_44796_no_ignition_nan_20200715.npz,/mnt/work/wildfire/test_sets/paired_negative_heavy_1km/patch_44796_no_ignition_nan_20200715.npz,,0.00002272,0,,,1,0,False,,blocked_by_model_b
patch_44797_no_ignition_nan_20200715.npz,/mnt/work/wildfire/test_sets/paired_negative_heavy_1km/patch_44797_no_ignition_nan_20200715.npz,,0.20097877,0,,,1,0,False,,blocked_by_model_b
patch_44798_no_ignition_nan_20200715.npz,/mnt/work/wildfire/test_sets/paired_negative_heavy_1km/patch_44798_no_ignition_nan_20200715.npz,,0.14914379,0,,,1,0,False,,blocked_by_model_b
patch_44799_no_ignition_nan_20200715.npz,/mnt/work/wildfire/test_sets/paired_negative_heavy_1km/patch_44799_no_ignition_nan_20200715.npz,,0.00490114,0,,,1,0,False,,blocked_by_model_b
patch_44800_no_ignition_nan_20200715.npz,/mnt/work/wildfire/test_sets/paired_negative_heavy_1km/patch_44800_no_ignition_nan_20200715.npz,/mnt/work/wildfire/test_sets/paired_negative_heavy_25m/patch_44800_no_ignition_nan_20200715.npz,0.42957577,1,0.76675123,1,1,1,False,False,completed
patch_44801_no_ignition_nan_20200715.npz,/mnt/work/wildfire/test_sets/paired_negative_heavy_1km/patch_44801_no_ignition_nan_20200715.npz,,0.00670535,0,,,1,0,False,,blocked_by_model_b
patch_44802_no_ignition_nan_20200715.npz,/mnt/work/wildfire/test_sets/paired_negative_heavy_1km/patch_44802_no_ignition_nan_20200715.npz,,0.00048347,0,,,1,0,False,,blocked_by_model_b
patch_44803_no_ignition_nan_20200715.npz,/mnt/work/wildfire/test_sets/paired_negative_heavy_1km/patch_44803_no_ignition_nan_20200715.npz,,0.23721685,0,,,1,0,False,,blocked_by_model_b
patch_44804_no_ignition_nan_20200715.npz,/mnt/work/wildfire/test_sets/paired_negative_heavy_1km/patch_44804_no_ignition_nan_20200715.npz,,0.00041991,0,,,1,0,False,,blocked_by_model_b
patch_44805_no_ignition_nan_20200715.npz,/mnt/work/wildfire/test_sets/paired_negative_heavy_1km/patch_44805_no_ignition_nan_20200715.npz,,0.00000228,0,,,1,0,False,,blocked_by_model_b
patch_44806_no_ignition_nan_20200715.npz,/mnt/work/wildfire/test_sets/paired_negative_heavy_1km/patch_44806_no_ignition_nan_20200715.npz,,0.00000528,0,,,1,0,False,,blocked_by_model_b
patch_44807_no_ignition_nan_20200715.npz,/mnt/work/wildfire/test_sets/paired_negative_heavy_1km/patch_44807_no_ignition_nan_20200715.npz,,0.04470373,0,,,1,0,False,,blocked_by_model_b
patch_44808_no_ignition_nan_20200715.npz,/mnt/work/wildfire/test_sets/paired_negative_heavy_1km/patch_44808_no_ignition_nan_20200715.npz,,0.22815962,0,,,1,0,False,,blocked_by_model_b
patch_44809_no_ignition_nan_20200715.npz,/mnt/work/wildfire/test_sets/paired_negative_heavy_1km/patch_44809_no_ignition_nan_20200715.npz,,0.02337766,0,,,1,0,False,,blocked_by_model_b
patch_44810_no_ignition_nan_20200715.npz,/mnt/work/wildfire/test_sets/paired_negative_heavy_1km/patch_44810_no_ignition_nan_20200715.npz,,0.00037804,0,,,1,0,False,,blocked_by_model_b
patch_44811_no_ignition_nan_20200715.npz,/mnt/work/wildfire/test_sets/paired_negative_heavy_1km/patch_44811_no_ignition_nan_20200715.npz,,0.00000180,0,,,1,0,False,,blocked_by_model_b
patch_44812_no_ignition_nan_20200715.npz,/mnt/work/wildfire/test_sets/paired_negative_heavy_1km/patch_44812_no_ignition_nan_20200715.npz,,0.00000741,0,,,1,0,False,,blocked_by_model_b
patch_44813_no_ignition_nan_20200715.npz,/mnt/work/wildfire/test_sets/paired_negative_heavy_1km/patch_44813_no_ignition_nan_20200715.npz,,0.00997090,0,,,1,0,False,,blocked_by_model_b
patch_44814_no_ignition_nan_20200715.npz,/mnt/work/wildfire/test_sets/paired_negative_heavy_1km/patch_44814_no_ignition_nan_20200715.npz,,0.00016741,0,,,1,0,False,,blocked_by_model_b
patch_44815_no_ignition_nan_20200715.npz,/mnt/work/wildfire/test_sets/paired_negative_heavy_1km/patch_44815_no_ignition_nan_20200715.npz,/mnt/work/wildfire/test_sets/paired_negative_heavy_25m/patch_44815_no_ignition_nan_20200715.npz,0.32319295,1,0.57132882,1,1,1,False,False,completed
patch_44816_no_ignition_nan_20200715.npz,/mnt/work/wildfire/test_sets/paired_negative_heavy_1km/patch_44816_no_ignition_nan_20200715.npz,,0.00019495,0,,,1,0,False,,blocked_by_model_b
patch_44817_no_ignition_nan_20200715.npz,/mnt/work/wildfire/test_sets/paired_negative_heavy_1km/patch_44817_no_ignition_nan_20200715.npz,,0.00021325,0,,,1,0,False,,blocked_by_model_b
patch_44818_no_ignition_nan_20200715.npz,/mnt/work/wildfire/test_sets/paired_negative_heavy_1km/patch_44818_no_ignition_nan_20200715.npz,,0.00034508,0,,,1,0,False,,blocked_by_model_b
patch_44819_no_ignition_nan_20200715.npz,/mnt/work/wildfire/test_sets/paired_negative_heavy_1km/patch_44819_no_ignition_nan_20200715.npz,,0.00017333,0,,,1,0,False,,blocked_by_model_b
patch_44820_no_ignition_nan_20200715.npz,/mnt/work/wildfire/test_sets/paired_negative_heavy_1km/patch_44820_no_ignition_nan_20200715.npz,,0.00005979,0,,,1,0,False,,blocked_by_model_b
patch_44821_no_ignition_nan_20200715.npz,/mnt/work/wildfire/test_sets/paired_negative_heavy_1km/patch_44821_no_ignition_nan_20200715.npz,,0.00000212,0,,,1,0,False,,blocked_by_model_b
patch_44822_no_ignition_nan_20200715.npz,/mnt/work/wildfire/test_sets/paired_negative_heavy_1km/patch_44822_no_ignition_nan_20200715.npz,,0.00025008,0,,,1,0,False,,blocked_by_model_b
patch_44823_no_ignition_nan_20200715.npz,/mnt/work/wildfire/test_sets/paired_negative_heavy_1km/patch_44823_no_ignition_nan_20200715.npz,,0.00003130,0,,,1,0,False,,blocked_by_model_b
patch_44824_no_ignition_nan_20200715.npz,/mnt/work/wildfire/test_sets/paired_negative_heavy_1km/patch_44824_no_ignition_nan_20200715.npz,,0.00119056,0,,,1,0,False,,blocked_by_model_b
patch_44825_no_ignition_nan_20200715.npz,/mnt/work/wildfire/test_sets/paired_negative_heavy_1km/patch_44825_no_ignition_nan_20200715.npz,,0.18175127,0,,,1,0,False,,blocked_by_model_b
patch_44826_no_ignition_nan_20200715.npz,/mnt/work/wildfire/test_sets/paired_negative_heavy_1km/patch_44826_no_ignition_nan_20200715.npz,,0.00008402,0,,,1,0,False,,blocked_by_model_b
patch_44827_no_ignition_nan_20200715.npz,/mnt/work/wildfire/test_sets/paired_negative_heavy_1km/patch_44827_no_ignition_nan_20200715.npz,,0.01214624,0,,,1,0,False,,blocked_by_model_b
patch_44828_no_ignition_nan_20200715.npz,/mnt/work/wildfire/test_sets/paired_negative_heavy_1km/patch_44828_no_ignition_nan_20200715.npz,,0.00008846,0,,,1,0,False,,blocked_by_model_b
patch_44829_no_ignition_nan_20200715.npz,/mnt/work/wildfire/test_sets/paired_negative_heavy_1km/patch_44829_no_ignition_nan_20200715.npz,,0.00003096,0,,,1,0,False,,blocked_by_model_b
patch_44830_no_ignition_nan_20200715.npz,/mnt/work/wildfire/test_sets/paired_negative_heavy_1km/patch_44830_no_ignition_nan_20200715.npz,,0.00012966,0,,,1,0,False,,blocked_by_model_b
patch_44831_no_ignition_nan_20200715.npz,/mnt/work/wildfire/test_sets/paired_negative_heavy_1km/patch_44831_no_ignition_nan_20200715.npz,,0.01553950,0,,,1,0,False,,blocked_by_model_b
patch_44832_no_ignition_nan_20200715.npz,/mnt/work/wildfire/test_sets/paired_negative_heavy_1km/patch_44832_no_ignition_nan_20200715.npz,,0.00018918,0,,,1,0,False,,blocked_by_model_b
patch_44833_no_ignition_nan_20200715.npz,/mnt/work/wildfire/test_sets/paired_negative_heavy_1km/patch_44833_no_ignition_nan_20200715.npz,,0.15350814,0,,,1,0,False,,blocked_by_model_b
patch_44834_no_ignition_nan_20200715.npz,/mnt/work/wildfire/test_sets/paired_negative_heavy_1km/patch_44834_no_ignition_nan_20200715.npz,,0.29761535,0,,,1,0,False,,blocked_by_model_b
patch_44835_no_ignition_nan_20200715.npz,/mnt/work/wildfire/test_sets/paired_negative_heavy_1km/patch_44835_no_ignition_nan_20200715.npz,,0.00078666,0,,,1,0,False,,blocked_by_model_b
patch_44836_no_ignition_nan_20200715.npz,/mnt/work/wildfire/test_sets/paired_negative_heavy_1km/patch_44836_no_ignition_nan_20200715.npz,,0.00489173,0,,,1,0,False,,blocked_by_model_b
patch_44837_no_ignition_nan_20200715.npz,/mnt/work/wildfire/test_sets/paired_negative_heavy_1km/patch_44837_no_ignition_nan_20200715.npz,,0.00000148,0,,,1,0,False,,blocked_by_model_b
patch_44838_no_ignition_nan_20200715.npz,/mnt/work/wildfire/test_sets/paired_negative_heavy_1km/patch_44838_no_ignition_nan_20200715.npz,,0.07594308,0,,,1,0,False,,blocked_by_model_b
patch_44839_no_ignition_nan_20200715.npz,/mnt/work/wildfire/test_sets/paired_negative_heavy_1km/patch_44839_no_ignition_nan_20200715.npz,,0.00000636,0,,,1,0,False,,blocked_by_model_b
patch_44840_no_ignition_nan_20200715.npz,/mnt/work/wildfire/test_sets/paired_negative_heavy_1km/patch_44840_no_ignition_nan_20200715.npz,,0.00004876,0,,,1,0,False,,blocked_by_model_b
patch_44841_no_ignition_nan_20200715.npz,/mnt/work/wildfire/test_sets/paired_negative_heavy_1km/patch_44841_no_ignition_nan_20200715.npz,,0.00009234,0,,,1,0,False,,blocked_by_model_b
patch_44842_no_ignition_nan_20200715.npz,/mnt/work/wildfire/test_sets/paired_negative_heavy_1km/patch_44842_no_ignition_nan_20200715.npz,,0.00001786,0,,,1,0,False,,blocked_by_model_b
patch_44843_no_ignition_nan_20200715.npz,/mnt/work/wildfire/test_sets/paired_negative_heavy_1km/patch_44843_no_ignition_nan_20200715.npz,,0.00015610,0,,,1,0,False,,blocked_by_model_b
patch_44844_no_ignition_nan_20200715.npz,/mnt/work/wildfire/test_sets/paired_negative_heavy_1km/patch_44844_no_ignition_nan_20200715.npz,,0.00000081,0,,,1,0,False,,blocked_by_model_b
patch_44845_no_ignition_nan_20200715.npz,/mnt/work/wildfire/test_sets/paired_negative_heavy_1km/patch_44845_no_ignition_nan_20200715.npz,,0.00002819,0,,,1,0,False,,blocked_by_model_b
patch_44846_no_ignition_nan_20200715.npz,/mnt/work/wildfire/test_sets/paired_negative_heavy_1km/patch_44846_no_ignition_nan_20200715.npz,,0.10520088,0,,,1,0,False,,blocked_by_model_b
patch_44847_no_ignition_nan_20200715.npz,/mnt/work/wildfire/test_sets/paired_negative_heavy_1km/patch_44847_no_ignition_nan_20200715.npz,,0.01196089,0,,,1,0,False,,blocked_by_model_b
patch_44848_no_ignition_nan_20200715.npz,/mnt/work/wildfire/test_sets/paired_negative_heavy_1km/patch_44848_no_ignition_nan_20200715.npz,,0.00008970,0,,,1,0,False,,blocked_by_model_b
patch_44849_no_ignition_nan_20200715.npz,/mnt/work/wildfire/test_sets/paired_negative_heavy_1km/patch_44849_no_ignition_nan_20200715.npz,,0.00103861,0,,,1,0,False,,blocked_by_model_b
patch_44850_no_ignition_nan_20200715.npz,/mnt/work/wildfire/test_sets/paired_negative_heavy_1km/patch_44850_no_ignition_nan_20200715.npz,,0.01720062,0,,,1,0,False,,blocked_by_model_b
patch_44851_no_ignition_nan_20200715.npz,/mnt/work/wildfire/test_sets/paired_negative_heavy_1km/patch_44851_no_ignition_nan_20200715.npz,,0.00036688,0,,,1,0,False,,blocked_by_model_b
patch_44852_no_ignition_nan_20200715.npz,/mnt/work/wildfire/test_sets/paired_negative_heavy_1km/patch_44852_no_ignition_nan_20200715.npz,,0.00026731,0,,,1,0,False,,blocked_by_model_b
patch_44853_no_ignition_nan_20200715.npz,/mnt/work/wildfire/test_sets/paired_negative_heavy_1km/patch_44853_no_ignition_nan_20200715.npz,,0.00396548,0,,,1,0,False,,blocked_by_model_b
patch_44854_no_ignition_nan_20200715.npz,/mnt/work/wildfire/test_sets/paired_negative_heavy_1km/patch_44854_no_ignition_nan_20200715.npz,,0.00000933,0,,,1,0,False,,blocked_by_model_b
patch_44855_no_ignition_nan_20200715.npz,/mnt/work/wildfire/test_sets/paired_negative_heavy_1km/patch_44855_no_ignition_nan_20200715.npz,,0.27502328,0,,,1,0,False,,blocked_by_model_b
patch_44856_no_ignition_nan_20200715.npz,/mnt/work/wildfire/test_sets/paired_negative_heavy_1km/patch_44856_no_ignition_nan_20200715.npz,,0.00003270,0,,,1,0,False,,blocked_by_model_b
patch_44857_no_ignition_nan_20200715.npz,/mnt/work/wildfire/test_sets/paired_negative_heavy_1km/patch_44857_no_ignition_nan_20200715.npz,,0.15841742,0,,,1,0,False,,blocked_by_model_b
patch_44858_no_ignition_nan_20200815.npz,/mnt/work/wildfire/test_sets/paired_negative_heavy_1km/patch_44858_no_ignition_nan_20200815.npz,,0.00002219,0,,,1,0,False,,blocked_by_model_b
patch_44859_no_ignition_nan_20200815.npz,/mnt/work/wildfire/test_sets/paired_negative_heavy_1km/patch_44859_no_ignition_nan_20200815.npz,,0.00000965,0,,,1,0,False,,blocked_by_model_b
patch_44860_no_ignition_nan_20200815.npz,/mnt/work/wildfire/test_sets/paired_negative_heavy_1km/patch_44860_no_ignition_nan_20200815.npz,,0.01598458,0,,,1,0,False,,blocked_by_model_b
patch_44861_no_ignition_nan_20200815.npz,/mnt/work/wildfire/test_sets/paired_negative_heavy_1km/patch_44861_no_ignition_nan_20200815.npz,,0.00034523,0,,,1,0,False,,blocked_by_model_b
patch_44862_no_ignition_nan_20200815.npz,/mnt/work/wildfire/test_sets/paired_negative_heavy_1km/patch_44862_no_ignition_nan_20200815.npz,,0.00049673,0,,,1,0,False,,blocked_by_model_b
patch_44863_no_ignition_nan_20200815.npz,/mnt/work/wildfire/test_sets/paired_negative_heavy_1km/patch_44863_no_ignition_nan_20200815.npz,,0.00057944,0,,,1,0,False,,blocked_by_model_b
patch_44864_no_ignition_nan_20200815.npz,/mnt/work/wildfire/test_sets/paired_negative_heavy_1km/patch_44864_no_ignition_nan_20200815.npz,,0.20677587,0,,,1,0,False,,blocked_by_model_b
patch_44865_no_ignition_nan_20200815.npz,/mnt/work/wildfire/test_sets/paired_negative_heavy_1km/patch_44865_no_ignition_nan_20200815.npz,,0.19360788,0,,,1,0,False,,blocked_by_model_b
patch_44866_no_ignition_nan_20200815.npz,/mnt/work/wildfire/test_sets/paired_negative_heavy_1km/patch_44866_no_ignition_nan_20200815.npz,,0.00014099,0,,,1,0,False,,blocked_by_model_b
patch_44867_no_ignition_nan_20200815.npz,/mnt/work/wildfire/test_sets/paired_negative_heavy_1km/patch_44867_no_ignition_nan_20200815.npz,,0.00000740,0,,,1,0,False,,blocked_by_model_b
patch_44868_no_ignition_nan_20200815.npz,/mnt/work/wildfire/test_sets/paired_negative_heavy_1km/patch_44868_no_ignition_nan_20200815.npz,,0.00230192,0,,,1,0,False,,blocked_by_model_b
patch_44869_no_ignition_nan_20200815.npz,/mnt/work/wildfire/test_sets/paired_negative_heavy_1km/patch_44869_no_ignition_nan_20200815.npz,,0.00988165,0,,,1,0,False,,blocked_by_model_b
patch_44870_no_ignition_nan_20200815.npz,/mnt/work/wildfire/test_sets/paired_negative_heavy_1km/patch_44870_no_ignition_nan_20200815.npz,,0.00000749,0,,,1,0,False,,blocked_by_model_b
patch_44871_no_ignition_nan_20200815.npz,/mnt/work/wildfire/test_sets/paired_negative_heavy_1km/patch_44871_no_ignition_nan_20200815.npz,,0.04702558,0,,,1,0,False,,blocked_by_model_b
patch_44872_no_ignition_nan_20200815.npz,/mnt/work/wildfire/test_sets/paired_negative_heavy_1km/patch_44872_no_ignition_nan_20200815.npz,,0.00024357,0,,,1,0,False,,blocked_by_model_b
patch_44873_no_ignition_nan_20200815.npz,/mnt/work/wildfire/test_sets/paired_negative_heavy_1km/patch_44873_no_ignition_nan_20200815.npz,,0.00031399,0,,,1,0,False,,blocked_by_model_b
patch_44874_no_ignition_nan_20200815.npz,/mnt/work/wildfire/test_sets/paired_negative_heavy_1km/patch_44874_no_ignition_nan_20200815.npz,,0.19959307,0,,,1,0,False,,blocked_by_model_b
patch_44875_no_ignition_nan_20200815.npz,/mnt/work/wildfire/test_sets/paired_negative_heavy_1km/patch_44875_no_ignition_nan_20200815.npz,,0.26887500,0,,,1,0,False,,blocked_by_model_b
patch_44876_no_ignition_nan_20200815.npz,/mnt/work/wildfire/test_sets/paired_negative_heavy_1km/patch_44876_no_ignition_nan_20200815.npz,,0.00000045,0,,,1,0,False,,blocked_by_model_b
patch_44877_no_ignition_nan_20200815.npz,/mnt/work/wildfire/test_sets/paired_negative_heavy_1km/patch_44877_no_ignition_nan_20200815.npz,,0.00007660,0,,,1,0,False,,blocked_by_model_b
patch_44878_no_ignition_nan_20200815.npz,/mnt/work/wildfire/test_sets/paired_negative_heavy_1km/patch_44878_no_ignition_nan_20200815.npz,,0.00000570,0,,,1,0,False,,blocked_by_model_b
patch_44879_no_ignition_nan_20200815.npz,/mnt/work/wildfire/test_sets/paired_negative_heavy_1km/patch_44879_no_ignition_nan_20200815.npz,,0.10302468,0,,,1,0,False,,blocked_by_model_b
patch_44880_no_ignition_nan_20200815.npz,/mnt/work/wildfire/test_sets/paired_negative_heavy_1km/patch_44880_no_ignition_nan_20200815.npz,,0.03363660,0,,,1,0,False,,blocked_by_model_b
patch_44881_no_ignition_nan_20200815.npz,/mnt/work/wildfire/test_sets/paired_negative_heavy_1km/patch_44881_no_ignition_nan_20200815.npz,,0.16036472,0,,,1,0,False,,blocked_by_model_b
patch_44882_no_ignition_nan_20200815.npz,/mnt/work/wildfire/test_sets/paired_negative_heavy_1km/patch_44882_no_ignition_nan_20200815.npz,,0.00006648,0,,,1,0,False,,blocked_by_model_b
patch_44883_no_ignition_nan_20200815.npz,/mnt/work/wildfire/test_sets/paired_negative_heavy_1km/patch_44883_no_ignition_nan_20200815.npz,,0.00221105,0,,,1,0,False,,blocked_by_model_b
patch_44884_no_ignition_nan_20200815.npz,/mnt/work/wildfire/test_sets/paired_negative_heavy_1km/patch_44884_no_ignition_nan_20200815.npz,,0.00000535,0,,,1,0,False,,blocked_by_model_b
patch_44885_no_ignition_nan_20200815.npz,/mnt/work/wildfire/test_sets/paired_negative_heavy_1km/patch_44885_no_ignition_nan_20200815.npz,,0.19885311,0,,,1,0,False,,blocked_by_model_b
patch_44886_no_ignition_nan_20200815.npz,/mnt/work/wildfire/test_sets/paired_negative_heavy_1km/patch_44886_no_ignition_nan_20200815.npz,,0.02638119,0,,,1,0,False,,blocked_by_model_b
patch_44887_no_ignition_nan_20200815.npz,/mnt/work/wildfire/test_sets/paired_negative_heavy_1km/patch_44887_no_ignition_nan_20200815.npz,,0.00004938,0,,,1,0,False,,blocked_by_model_b
patch_44888_no_ignition_nan_20200815.npz,/mnt/work/wildfire/test_sets/paired_negative_heavy_1km/patch_44888_no_ignition_nan_20200815.npz,,0.15822469,0,,,1,0,False,,blocked_by_model_b
patch_44889_no_ignition_nan_20200815.npz,/mnt/work/wildfire/test_sets/paired_negative_heavy_1km/patch_44889_no_ignition_nan_20200815.npz,,0.00000341,0,,,1,0,False,,blocked_by_model_b
patch_44890_no_ignition_nan_20200815.npz,/mnt/work/wildfire/test_sets/paired_negative_heavy_1km/patch_44890_no_ignition_nan_20200815.npz,,0.21360238,0,,,1,0,False,,blocked_by_model_b
patch_44891_no_ignition_nan_20200815.npz,/mnt/work/wildfire/test_sets/paired_negative_heavy_1km/patch_44891_no_ignition_nan_20200815.npz,,0.00007195,0,,,1,0,False,,blocked_by_model_b
patch_44892_no_ignition_nan_20200815.npz,/mnt/work/wildfire/test_sets/paired_negative_heavy_1km/patch_44892_no_ignition_nan_20200815.npz,,0.00001178,0,,,1,0,False,,blocked_by_model_b
patch_44893_no_ignition_nan_20200815.npz,/mnt/work/wildfire/test_sets/paired_negative_heavy_1km/patch_44893_no_ignition_nan_20200815.npz,,0.03476634,0,,,1,0,False,,blocked_by_model_b
patch_44894_no_ignition_nan_20200815.npz,/mnt/work/wildfire/test_sets/paired_negative_heavy_1km/patch_44894_no_ignition_nan_20200815.npz,,0.04388227,0,,,1,0,False,,blocked_by_model_b
patch_44895_no_ignition_nan_20200815.npz,/mnt/work/wildfire/test_sets/paired_negative_heavy_1km/patch_44895_no_ignition_nan_20200815.npz,,0.00003714,0,,,1,0,False,,blocked_by_model_b
patch_44896_no_ignition_nan_20200815.npz,/mnt/work/wildfire/test_sets/paired_negative_heavy_1km/patch_44896_no_ignition_nan_20200815.npz,,0.00018366,0,,,1,0,False,,blocked_by_model_b
patch_44897_no_ignition_nan_20200815.npz,/mnt/work/wildfire/test_sets/paired_negative_heavy_1km/patch_44897_no_ignition_nan_20200815.npz,,0.01244437,0,,,1,0,False,,blocked_by_model_b
patch_44898_no_ignition_nan_20200815.npz,/mnt/work/wildfire/test_sets/paired_negative_heavy_1km/patch_44898_no_ignition_nan_20200815.npz,,0.00000549,0,,,1,0,False,,blocked_by_model_b
patch_44899_no_ignition_nan_20200815.npz,/mnt/work/wildfire/test_sets/paired_negative_heavy_1km/patch_44899_no_ignition_nan_20200815.npz,,0.00000636,0,,,1,0,False,,blocked_by_model_b
patch_44900_no_ignition_nan_20200815.npz,/mnt/work/wildfire/test_sets/paired_negative_heavy_1km/patch_44900_no_ignition_nan_20200815.npz,,0.00029151,0,,,1,0,False,,blocked_by_model_b
patch_44901_no_ignition_nan_20200815.npz,/mnt/work/wildfire/test_sets/paired_negative_heavy_1km/patch_44901_no_ignition_nan_20200815.npz,,0.02609756,0,,,1,0,False,,blocked_by_model_b
patch_44902_no_ignition_nan_20200815.npz,/mnt/work/wildfire/test_sets/paired_negative_heavy_1km/patch_44902_no_ignition_nan_20200815.npz,,0.00001990,0,,,1,0,False,,blocked_by_model_b
patch_44903_no_ignition_nan_20200815.npz,/mnt/work/wildfire/test_sets/paired_negative_heavy_1km/patch_44903_no_ignition_nan_20200815.npz,,0.00001240,0,,,1,0,False,,blocked_by_model_b
patch_44904_no_ignition_nan_20200815.npz,/mnt/work/wildfire/test_sets/paired_negative_heavy_1km/patch_44904_no_ignition_nan_20200815.npz,,0.00022180,0,,,1,0,False,,blocked_by_model_b
patch_44905_no_ignition_nan_20200815.npz,/mnt/work/wildfire/test_sets/paired_negative_heavy_1km/patch_44905_no_ignition_nan_20200815.npz,,0.00019329,0,,,1,0,False,,blocked_by_model_b
patch_44906_no_ignition_nan_20200815.npz,/mnt/work/wildfire/test_sets/paired_negative_heavy_1km/patch_44906_no_ignition_nan_20200815.npz,,0.00002140,0,,,1,0,False,,blocked_by_model_b
patch_44907_no_ignition_nan_20200815.npz,/mnt/work/wildfire/test_sets/paired_negative_heavy_1km/patch_44907_no_ignition_nan_20200815.npz,,0.00009401,0,,,1,0,False,,blocked_by_model_b
patch_44908_no_ignition_nan_20200815.npz,/mnt/work/wildfire/test_sets/paired_negative_heavy_1km/patch_44908_no_ignition_nan_20200815.npz,,0.05901668,0,,,1,0,False,,blocked_by_model_b
patch_44909_no_ignition_nan_20200815.npz,/mnt/work/wildfire/test_sets/paired_negative_heavy_1km/patch_44909_no_ignition_nan_20200815.npz,,0.15776415,0,,,1,0,False,,blocked_by_model_b
patch_44910_no_ignition_nan_20200815.npz,/mnt/work/wildfire/test_sets/paired_negative_heavy_1km/patch_44910_no_ignition_nan_20200815.npz,,0.04213290,0,,,1,0,False,,blocked_by_model_b
patch_44911_no_ignition_nan_20200815.npz,/mnt/work/wildfire/test_sets/paired_negative_heavy_1km/patch_44911_no_ignition_nan_20200815.npz,,0.00054408,0,,,1,0,False,,blocked_by_model_b
patch_44912_no_ignition_nan_20200815.npz,/mnt/work/wildfire/test_sets/paired_negative_heavy_1km/patch_44912_no_ignition_nan_20200815.npz,,0.00002954,0,,,1,0,False,,blocked_by_model_b
patch_44913_no_ignition_nan_20200815.npz,/mnt/work/wildfire/test_sets/paired_negative_heavy_1km/patch_44913_no_ignition_nan_20200815.npz,,0.00005679,0,,,1,0,False,,blocked_by_model_b
patch_44914_no_ignition_nan_20200815.npz,/mnt/work/wildfire/test_sets/paired_negative_heavy_1km/patch_44914_no_ignition_nan_20200815.npz,,0.00266081,0,,,1,0,False,,blocked_by_model_b
patch_44915_no_ignition_nan_20200815.npz,/mnt/work/wildfire/test_sets/paired_negative_heavy_1km/patch_44915_no_ignition_nan_20200815.npz,,0.00847763,0,,,1,0,False,,blocked_by_model_b
patch_44916_no_ignition_nan_20200815.npz,/mnt/work/wildfire/test_sets/paired_negative_heavy_1km/patch_44916_no_ignition_nan_20200815.npz,,0.00000851,0,,,1,0,False,,blocked_by_model_b
patch_44917_no_ignition_nan_20200815.npz,/mnt/work/wildfire/test_sets/paired_negative_heavy_1km/patch_44917_no_ignition_nan_20200815.npz,,0.00000715,0,,,1,0,False,,blocked_by_model_b
patch_44918_no_ignition_nan_20200815.npz,/mnt/work/wildfire/test_sets/paired_negative_heavy_1km/patch_44918_no_ignition_nan_20200815.npz,/mnt/work/wildfire/test_sets/paired_negative_heavy_25m/patch_44918_no_ignition_nan_20200815.npz,0.53371853,1,0.55176133,1,1,1,False,False,completed
patch_44919_no_ignition_nan_20200815.npz,/mnt/work/wildfire/test_sets/paired_negative_heavy_1km/patch_44919_no_ignition_nan_20200815.npz,,0.08136530,0,,,1,0,False,,blocked_by_model_b
patch_44920_no_ignition_nan_20200815.npz,/mnt/work/wildfire/test_sets/paired_negative_heavy_1km/patch_44920_no_ignition_nan_20200815.npz,,0.00004220,0,,,1,0,False,,blocked_by_model_b
patch_44921_no_ignition_nan_20200815.npz,/mnt/work/wildfire/test_sets/paired_negative_heavy_1km/patch_44921_no_ignition_nan_20200815.npz,,0.02114007,0,,,1,0,False,,blocked_by_model_b
patch_44922_no_ignition_nan_20200815.npz,/mnt/work/wildfire/test_sets/paired_negative_heavy_1km/patch_44922_no_ignition_nan_20200815.npz,/mnt/work/wildfire/test_sets/paired_negative_heavy_25m/patch_44922_no_ignition_nan_20200815.npz,0.38438585,1,0.54244357,1,1,1,False,False,completed
patch_44923_no_ignition_nan_20200815.npz,/mnt/work/wildfire/test_sets/paired_negative_heavy_1km/patch_44923_no_ignition_nan_20200815.npz,,0.06550631,0,,,1,0,False,,blocked_by_model_b
patch_44924_no_ignition_nan_20200815.npz,/mnt/work/wildfire/test_sets/paired_negative_heavy_1km/patch_44924_no_ignition_nan_20200815.npz,/mnt/work/wildfire/test_sets/paired_negative_heavy_25m/patch_44924_no_ignition_nan_20200815.npz,0.34233606,1,0.65429890,1,1,1,False,False,completed
patch_44925_no_ignition_nan_20200815.npz,/mnt/work/wildfire/test_sets/paired_negative_heavy_1km/patch_44925_no_ignition_nan_20200815.npz,,0.00000600,0,,,1,0,False,,blocked_by_model_b
patch_44926_no_ignition_nan_20200815.npz,/mnt/work/wildfire/test_sets/paired_negative_heavy_1km/patch_44926_no_ignition_nan_20200815.npz,,0.26391673,0,,,1,0,False,,blocked_by_model_b
patch_44927_no_ignition_nan_20200815.npz,/mnt/work/wildfire/test_sets/paired_negative_heavy_1km/patch_44927_no_ignition_nan_20200815.npz,,0.00001657,0,,,1,0,False,,blocked_by_model_b
patch_44928_no_ignition_nan_20200815.npz,/mnt/work/wildfire/test_sets/paired_negative_heavy_1km/patch_44928_no_ignition_nan_20200815.npz,,0.13860603,0,,,1,0,False,,blocked_by_model_b
patch_44929_no_ignition_nan_20200815.npz,/mnt/work/wildfire/test_sets/paired_negative_heavy_1km/patch_44929_no_ignition_nan_20200815.npz,/mnt/work/wildfire/test_sets/paired_negative_heavy_25m/patch_44929_no_ignition_nan_20200815.npz,0.61209255,1,0.63837969,1,1,1,False,False,completed
patch_44930_no_ignition_nan_20200815.npz,/mnt/work/wildfire/test_sets/paired_negative_heavy_1km/patch_44930_no_ignition_nan_20200815.npz,,0.27018511,0,,,1,0,False,,blocked_by_model_b
patch_44931_no_ignition_nan_20200815.npz,/mnt/work/wildfire/test_sets/paired_negative_heavy_1km/patch_44931_no_ignition_nan_20200815.npz,,0.21049331,0,,,1,0,False,,blocked_by_model_b
patch_44932_no_ignition_nan_20200815.npz,/mnt/work/wildfire/test_sets/paired_negative_heavy_1km/patch_44932_no_ignition_nan_20200815.npz,,0.00004869,0,,,1,0,False,,blocked_by_model_b
patch_44933_no_ignition_nan_20200815.npz,/mnt/work/wildfire/test_sets/paired_negative_heavy_1km/patch_44933_no_ignition_nan_20200815.npz,,0.00200121,0,,,1,0,False,,blocked_by_model_b
patch_44934_no_ignition_nan_20200815.npz,/mnt/work/wildfire/test_sets/paired_negative_heavy_1km/patch_44934_no_ignition_nan_20200815.npz,,0.15086862,0,,,1,0,False,,blocked_by_model_b
patch_44935_no_ignition_nan_20200815.npz,/mnt/work/wildfire/test_sets/paired_negative_heavy_1km/patch_44935_no_ignition_nan_20200815.npz,,0.00421442,0,,,1,0,False,,blocked_by_model_b
patch_44936_no_ignition_nan_20200815.npz,/mnt/work/wildfire/test_sets/paired_negative_heavy_1km/patch_44936_no_ignition_nan_20200815.npz,,0.00012507,0,,,1,0,False,,blocked_by_model_b
patch_44937_no_ignition_nan_20200815.npz,/mnt/work/wildfire/test_sets/paired_negative_heavy_1km/patch_44937_no_ignition_nan_20200815.npz,,0.17707630,0,,,1,0,False,,blocked_by_model_b
patch_44938_no_ignition_nan_20200815.npz,/mnt/work/wildfire/test_sets/paired_negative_heavy_1km/patch_44938_no_ignition_nan_20200815.npz,,0.04371682,0,,,1,0,False,,blocked_by_model_b
patch_44939_no_ignition_nan_20200815.npz,/mnt/work/wildfire/test_sets/paired_negative_heavy_1km/patch_44939_no_ignition_nan_20200815.npz,,0.01501683,0,,,1,0,False,,blocked_by_model_b
patch_44940_no_ignition_nan_20200815.npz,/mnt/work/wildfire/test_sets/paired_negative_heavy_1km/patch_44940_no_ignition_nan_20200815.npz,,0.00002455,0,,,1,0,False,,blocked_by_model_b
patch_44941_no_ignition_nan_20200815.npz,/mnt/work/wildfire/test_sets/paired_negative_heavy_1km/patch_44941_no_ignition_nan_20200815.npz,,0.07896107,0,,,1,0,False,,blocked_by_model_b
patch_44942_no_ignition_nan_20200815.npz,/mnt/work/wildfire/test_sets/paired_negative_heavy_1km/patch_44942_no_ignition_nan_20200815.npz,,0.04372220,0,,,1,0,False,,blocked_by_model_b
patch_44943_no_ignition_nan_20200815.npz,/mnt/work/wildfire/test_sets/paired_negative_heavy_1km/patch_44943_no_ignition_nan_20200815.npz,,0.00033393,0,,,1,0,False,,blocked_by_model_b
patch_44944_no_ignition_nan_20200815.npz,/mnt/work/wildfire/test_sets/paired_negative_heavy_1km/patch_44944_no_ignition_nan_20200815.npz,,0.00000515,0,,,1,0,False,,blocked_by_model_b
patch_44945_no_ignition_nan_20200815.npz,/mnt/work/wildfire/test_sets/paired_negative_heavy_1km/patch_44945_no_ignition_nan_20200815.npz,/mnt/work/wildfire/test_sets/paired_negative_heavy_25m/patch_44945_no_ignition_nan_20200815.npz,0.59074873,1,0.64247972,1,1,1,False,False,completed
patch_44946_no_ignition_nan_20200815.npz,/mnt/work/wildfire/test_sets/paired_negative_heavy_1km/patch_44946_no_ignition_nan_20200815.npz,,0.01126288,0,,,1,0,False,,blocked_by_model_b
patch_44947_no_ignition_nan_20200815.npz,/mnt/work/wildfire/test_sets/paired_negative_heavy_1km/patch_44947_no_ignition_nan_20200815.npz,,0.13008620,0,,,1,0,False,,blocked_by_model_b
patch_44948_no_ignition_nan_20200815.npz,/mnt/work/wildfire/test_sets/paired_negative_heavy_1km/patch_44948_no_ignition_nan_20200815.npz,,0.00004867,0,,,1,0,False,,blocked_by_model_b
patch_44949_no_ignition_nan_20200815.npz,/mnt/work/wildfire/test_sets/paired_negative_heavy_1km/patch_44949_no_ignition_nan_20200815.npz,,0.00002079,0,,,1,0,False,,blocked_by_model_b
patch_44950_no_ignition_nan_20200815.npz,/mnt/work/wildfire/test_sets/paired_negative_heavy_1km/patch_44950_no_ignition_nan_20200815.npz,,0.26350239,0,,,1,0,False,,blocked_by_model_b
patch_44951_no_ignition_nan_20200815.npz,/mnt/work/wildfire/test_sets/paired_negative_heavy_1km/patch_44951_no_ignition_nan_20200815.npz,,0.10058538,0,,,1,0,False,,blocked_by_model_b
patch_44952_no_ignition_nan_20200815.npz,/mnt/work/wildfire/test_sets/paired_negative_heavy_1km/patch_44952_no_ignition_nan_20200815.npz,,0.07357767,0,,,1,0,False,,blocked_by_model_b
patch_44953_no_ignition_nan_20200815.npz,/mnt/work/wildfire/test_sets/paired_negative_heavy_1km/patch_44953_no_ignition_nan_20200815.npz,,0.00001242,0,,,1,0,False,,blocked_by_model_b
patch_44954_no_ignition_nan_20200815.npz,/mnt/work/wildfire/test_sets/paired_negative_heavy_1km/patch_44954_no_ignition_nan_20200815.npz,,0.00014588,0,,,1,0,False,,blocked_by_model_b
patch_44955_no_ignition_nan_20200815.npz,/mnt/work/wildfire/test_sets/paired_negative_heavy_1km/patch_44955_no_ignition_nan_20200815.npz,,0.00004562,0,,,1,0,False,,blocked_by_model_b
patch_44956_no_ignition_nan_20200815.npz,/mnt/work/wildfire/test_sets/paired_negative_heavy_1km/patch_44956_no_ignition_nan_20200815.npz,,0.00039852,0,,,1,0,False,,blocked_by_model_b
patch_44957_no_ignition_nan_20200815.npz,/mnt/work/wildfire/test_sets/paired_negative_heavy_1km/patch_44957_no_ignition_nan_20200815.npz,,0.21238905,0,,,1,0,False,,blocked_by_model_b
patch_44958_no_ignition_nan_20200815.npz,/mnt/work/wildfire/test_sets/paired_negative_heavy_1km/patch_44958_no_ignition_nan_20200815.npz,,0.00002566,0,,,1,0,False,,blocked_by_model_b
patch_44959_no_ignition_nan_20200815.npz,/mnt/work/wildfire/test_sets/paired_negative_heavy_1km/patch_44959_no_ignition_nan_20200815.npz,,0.00006570,0,,,1,0,False,,blocked_by_model_b
patch_44960_no_ignition_nan_20200815.npz,/mnt/work/wildfire/test_sets/paired_negative_heavy_1km/patch_44960_no_ignition_nan_20200815.npz,,0.00008262,0,,,1,0,False,,blocked_by_model_b
patch_44961_no_ignition_nan_20200815.npz,/mnt/work/wildfire/test_sets/paired_negative_heavy_1km/patch_44961_no_ignition_nan_20200815.npz,,0.00000695,0,,,1,0,False,,blocked_by_model_b
patch_44962_no_ignition_nan_20200815.npz,/mnt/work/wildfire/test_sets/paired_negative_heavy_1km/patch_44962_no_ignition_nan_20200815.npz,,0.00000977,0,,,1,0,False,,blocked_by_model_b
patch_44963_no_ignition_nan_20200815.npz,/mnt/work/wildfire/test_sets/paired_negative_heavy_1km/patch_44963_no_ignition_nan_20200815.npz,,0.00019640,0,,,1,0,False,,blocked_by_model_b
patch_44964_no_ignition_nan_20200815.npz,/mnt/work/wildfire/test_sets/paired_negative_heavy_1km/patch_44964_no_ignition_nan_20200815.npz,,0.00000669,0,,,1,0,False,,blocked_by_model_b
patch_44965_no_ignition_nan_20200815.npz,/mnt/work/wildfire/test_sets/paired_negative_heavy_1km/patch_44965_no_ignition_nan_20200815.npz,,0.00001124,0,,,1,0,False,,blocked_by_model_b
patch_44966_no_ignition_nan_20200815.npz,/mnt/work/wildfire/test_sets/paired_negative_heavy_1km/patch_44966_no_ignition_nan_20200815.npz,,0.00006604,0,,,1,0,False,,blocked_by_model_b
patch_44967_no_ignition_nan_20200815.npz,/mnt/work/wildfire/test_sets/paired_negative_heavy_1km/patch_44967_no_ignition_nan_20200815.npz,,0.00009539,0,,,1,0,False,,blocked_by_model_b
patch_44968_no_ignition_nan_20200815.npz,/mnt/work/wildfire/test_sets/paired_negative_heavy_1km/patch_44968_no_ignition_nan_20200815.npz,,0.05871147,0,,,1,0,False,,blocked_by_model_b
patch_44969_no_ignition_nan_20200815.npz,/mnt/work/wildfire/test_sets/paired_negative_heavy_1km/patch_44969_no_ignition_nan_20200815.npz,,0.00001688,0,,,1,0,False,,blocked_by_model_b
patch_44970_no_ignition_nan_20200815.npz,/mnt/work/wildfire/test_sets/paired_negative_heavy_1km/patch_44970_no_ignition_nan_20200815.npz,,0.00204624,0,,,1,0,False,,blocked_by_model_b
patch_44971_no_ignition_nan_20200815.npz,/mnt/work/wildfire/test_sets/paired_negative_heavy_1km/patch_44971_no_ignition_nan_20200815.npz,,0.00003022,0,,,1,0,False,,blocked_by_model_b
patch_44972_no_ignition_nan_20200815.npz,/mnt/work/wildfire/test_sets/paired_negative_heavy_1km/patch_44972_no_ignition_nan_20200815.npz,,0.00069537,0,,,1,0,False,,blocked_by_model_b
patch_44973_no_ignition_nan_20200815.npz,/mnt/work/wildfire/test_sets/paired_negative_heavy_1km/patch_44973_no_ignition_nan_20200815.npz,,0.04440686,0,,,1,0,False,,blocked_by_model_b
patch_44974_no_ignition_nan_20200815.npz,/mnt/work/wildfire/test_sets/paired_negative_heavy_1km/patch_44974_no_ignition_nan_20200815.npz,,0.06081992,0,,,1,0,False,,blocked_by_model_b
patch_44975_no_ignition_nan_20200815.npz,/mnt/work/wildfire/test_sets/paired_negative_heavy_1km/patch_44975_no_ignition_nan_20200815.npz,,0.00000742,0,,,1,0,False,,blocked_by_model_b
patch_44976_no_ignition_nan_20200815.npz,/mnt/work/wildfire/test_sets/paired_negative_heavy_1km/patch_44976_no_ignition_nan_20200815.npz,,0.27643621,0,,,1,0,False,,blocked_by_model_b
patch_44977_no_ignition_nan_20200815.npz,/mnt/work/wildfire/test_sets/paired_negative_heavy_1km/patch_44977_no_ignition_nan_20200815.npz,,0.10332413,0,,,1,0,False,,blocked_by_model_b
patch_44978_no_ignition_nan_20200815.npz,/mnt/work/wildfire/test_sets/paired_negative_heavy_1km/patch_44978_no_ignition_nan_20200815.npz,,0.04072923,0,,,1,0,False,,blocked_by_model_b
patch_44979_no_ignition_nan_20200815.npz,/mnt/work/wildfire/test_sets/paired_negative_heavy_1km/patch_44979_no_ignition_nan_20200815.npz,,0.00001922,0,,,1,0,False,,blocked_by_model_b
patch_44980_no_ignition_nan_20200815.npz,/mnt/work/wildfire/test_sets/paired_negative_heavy_1km/patch_44980_no_ignition_nan_20200815.npz,,0.17863660,0,,,1,0,False,,blocked_by_model_b
patch_44981_no_ignition_nan_20200815.npz,/mnt/work/wildfire/test_sets/paired_negative_heavy_1km/patch_44981_no_ignition_nan_20200815.npz,,0.00002156,0,,,1,0,False,,blocked_by_model_b
patch_44982_no_ignition_nan_20200815.npz,/mnt/work/wildfire/test_sets/paired_negative_heavy_1km/patch_44982_no_ignition_nan_20200815.npz,,0.00010441,0,,,1,0,False,,blocked_by_model_b
patch_44983_no_ignition_nan_20200815.npz,/mnt/work/wildfire/test_sets/paired_negative_heavy_1km/patch_44983_no_ignition_nan_20200815.npz,,0.00000721,0,,,1,0,False,,blocked_by_model_b
patch_44984_no_ignition_nan_20200815.npz,/mnt/work/wildfire/test_sets/paired_negative_heavy_1km/patch_44984_no_ignition_nan_20200815.npz,,0.00050139,0,,,1,0,False,,blocked_by_model_b
patch_44985_no_ignition_nan_20200815.npz,/mnt/work/wildfire/test_sets/paired_negative_heavy_1km/patch_44985_no_ignition_nan_20200815.npz,,0.00189349,0,,,1,0,False,,blocked_by_model_b
patch_44986_no_ignition_nan_20200815.npz,/mnt/work/wildfire/test_sets/paired_negative_heavy_1km/patch_44986_no_ignition_nan_20200815.npz,,0.00131536,0,,,1,0,False,,blocked_by_model_b
patch_44987_no_ignition_nan_20200815.npz,/mnt/work/wildfire/test_sets/paired_negative_heavy_1km/patch_44987_no_ignition_nan_20200815.npz,,0.24049369,0,,,1,0,False,,blocked_by_model_b
patch_44988_no_ignition_nan_20200815.npz,/mnt/work/wildfire/test_sets/paired_negative_heavy_1km/patch_44988_no_ignition_nan_20200815.npz,,0.18513672,0,,,1,0,False,,blocked_by_model_b
patch_44989_no_ignition_nan_20200815.npz,/mnt/work/wildfire/test_sets/paired_negative_heavy_1km/patch_44989_no_ignition_nan_20200815.npz,,0.00005928,0,,,1,0,False,,blocked_by_model_b
patch_44990_no_ignition_nan_20200815.npz,/mnt/work/wildfire/test_sets/paired_negative_heavy_1km/patch_44990_no_ignition_nan_20200815.npz,,0.00002690,0,,,1,0,False,,blocked_by_model_b
patch_44991_no_ignition_nan_20200815.npz,/mnt/work/wildfire/test_sets/paired_negative_heavy_1km/patch_44991_no_ignition_nan_20200815.npz,,0.00000567,0,,,1,0,False,,blocked_by_model_b
patch_44992_no_ignition_nan_20200815.npz,/mnt/work/wildfire/test_sets/paired_negative_heavy_1km/patch_44992_no_ignition_nan_20200815.npz,,0.00045903,0,,,1,0,False,,blocked_by_model_b
patch_44993_no_ignition_nan_20200815.npz,/mnt/work/wildfire/test_sets/paired_negative_heavy_1km/patch_44993_no_ignition_nan_20200815.npz,,0.17947152,0,,,1,0,False,,blocked_by_model_b
patch_44994_no_ignition_nan_20200815.npz,/mnt/work/wildfire/test_sets/paired_negative_heavy_1km/patch_44994_no_ignition_nan_20200815.npz,,0.21386439,0,,,1,0,False,,blocked_by_model_b
patch_44995_no_ignition_nan_20200815.npz,/mnt/work/wildfire/test_sets/paired_negative_heavy_1km/patch_44995_no_ignition_nan_20200815.npz,,0.16240141,0,,,1,0,False,,blocked_by_model_b
patch_44996_no_ignition_nan_20200815.npz,/mnt/work/wildfire/test_sets/paired_negative_heavy_1km/patch_44996_no_ignition_nan_20200815.npz,,0.01277601,0,,,1,0,False,,blocked_by_model_b
patch_44997_no_ignition_nan_20200815.npz,/mnt/work/wildfire/test_sets/paired_negative_heavy_1km/patch_44997_no_ignition_nan_20200815.npz,,0.00001437,0,,,1,0,False,,blocked_by_model_b
patch_44998_no_ignition_nan_20200815.npz,/mnt/work/wildfire/test_sets/paired_negative_heavy_1km/patch_44998_no_ignition_nan_20200815.npz,,0.04323091,0,,,1,0,False,,blocked_by_model_b
patch_44999_no_ignition_nan_20200815.npz,/mnt/work/wildfire/test_sets/paired_negative_heavy_1km/patch_44999_no_ignition_nan_20200815.npz,,0.00000554,0,,,1,0,False,,blocked_by_model_b
patch_45000_no_ignition_nan_20200815.npz,/mnt/work/wildfire/test_sets/paired_negative_heavy_1km/patch_45000_no_ignition_nan_20200815.npz,,0.00012553,0,,,1,0,False,,blocked_by_model_b
patch_45001_no_ignition_nan_20200815.npz,/mnt/work/wildfire/test_sets/paired_negative_heavy_1km/patch_45001_no_ignition_nan_20200815.npz,,0.00041993,0,,,1,0,False,,blocked_by_model_b
patch_45002_no_ignition_nan_20200815.npz,/mnt/work/wildfire/test_sets/paired_negative_heavy_1km/patch_45002_no_ignition_nan_20200815.npz,,0.02722214,0,,,1,0,False,,blocked_by_model_b
patch_45003_no_ignition_nan_20200815.npz,/mnt/work/wildfire/test_sets/paired_negative_heavy_1km/patch_45003_no_ignition_nan_20200815.npz,,0.00046273,0,,,1,0,False,,blocked_by_model_b
patch_45004_no_ignition_nan_20200815.npz,/mnt/work/wildfire/test_sets/paired_negative_heavy_1km/patch_45004_no_ignition_nan_20200815.npz,,0.00005278,0,,,1,0,False,,blocked_by_model_b
patch_45005_no_ignition_nan_20200815.npz,/mnt/work/wildfire/test_sets/paired_negative_heavy_1km/patch_45005_no_ignition_nan_20200815.npz,,0.00003987,0,,,1,0,False,,blocked_by_model_b
patch_45006_no_ignition_nan_20200815.npz,/mnt/work/wildfire/test_sets/paired_negative_heavy_1km/patch_45006_no_ignition_nan_20200815.npz,,0.00003101,0,,,1,0,False,,blocked_by_model_b
patch_45007_no_ignition_nan_20200815.npz,/mnt/work/wildfire/test_sets/paired_negative_heavy_1km/patch_45007_no_ignition_nan_20200815.npz,,0.03198705,0,,,1,0,False,,blocked_by_model_b
patch_45008_no_ignition_nan_20200815.npz,/mnt/work/wildfire/test_sets/paired_negative_heavy_1km/patch_45008_no_ignition_nan_20200815.npz,,0.00003410,0,,,1,0,False,,blocked_by_model_b
patch_45009_no_ignition_nan_20200815.npz,/mnt/work/wildfire/test_sets/paired_negative_heavy_1km/patch_45009_no_ignition_nan_20200815.npz,,0.00000471,0,,,1,0,False,,blocked_by_model_b
patch_45010_no_ignition_nan_20200815.npz,/mnt/work/wildfire/test_sets/paired_negative_heavy_1km/patch_45010_no_ignition_nan_20200815.npz,,0.00015741,0,,,1,0,False,,blocked_by_model_b
patch_45011_no_ignition_nan_20200815.npz,/mnt/work/wildfire/test_sets/paired_negative_heavy_1km/patch_45011_no_ignition_nan_20200815.npz,,0.07561338,0,,,1,0,False,,blocked_by_model_b
patch_45012_no_ignition_nan_20200815.npz,/mnt/work/wildfire/test_sets/paired_negative_heavy_1km/patch_45012_no_ignition_nan_20200815.npz,,0.20591739,0,,,1,0,False,,blocked_by_model_b
patch_45013_no_ignition_nan_20200815.npz,/mnt/work/wildfire/test_sets/paired_negative_heavy_1km/patch_45013_no_ignition_nan_20200815.npz,,0.00095874,0,,,1,0,False,,blocked_by_model_b
patch_45014_no_ignition_nan_20200815.npz,/mnt/work/wildfire/test_sets/paired_negative_heavy_1km/patch_45014_no_ignition_nan_20200815.npz,,0.00067451,0,,,1,0,False,,blocked_by_model_b
patch_45015_no_ignition_nan_20200815.npz,/mnt/work/wildfire/test_sets/paired_negative_heavy_1km/patch_45015_no_ignition_nan_20200815.npz,,0.00001154,0,,,1,0,False,,blocked_by_model_b
patch_45016_no_ignition_nan_20200815.npz,/mnt/work/wildfire/test_sets/paired_negative_heavy_1km/patch_45016_no_ignition_nan_20200815.npz,,0.25097594,0,,,1,0,False,,blocked_by_model_b
patch_45017_no_ignition_nan_20200815.npz,/mnt/work/wildfire/test_sets/paired_negative_heavy_1km/patch_45017_no_ignition_nan_20200815.npz,,0.00215810,0,,,1,0,False,,blocked_by_model_b
patch_45018_no_ignition_nan_20200815.npz,/mnt/work/wildfire/test_sets/paired_negative_heavy_1km/patch_45018_no_ignition_nan_20200815.npz,,0.00295808,0,,,1,0,False,,blocked_by_model_b
patch_45019_no_ignition_nan_20200815.npz,/mnt/work/wildfire/test_sets/paired_negative_heavy_1km/patch_45019_no_ignition_nan_20200815.npz,,0.00066439,0,,,1,0,False,,blocked_by_model_b
patch_45020_no_ignition_nan_20200815.npz,/mnt/work/wildfire/test_sets/paired_negative_heavy_1km/patch_45020_no_ignition_nan_20200815.npz,,0.00010886,0,,,1,0,False,,blocked_by_model_b
patch_45021_no_ignition_nan_20200815.npz,/mnt/work/wildfire/test_sets/paired_negative_heavy_1km/patch_45021_no_ignition_nan_20200815.npz,,0.27310371,0,,,1,0,False,,blocked_by_model_b
patch_45022_no_ignition_nan_20200815.npz,/mnt/work/wildfire/test_sets/paired_negative_heavy_1km/patch_45022_no_ignition_nan_20200815.npz,,0.00001501,0,,,1,0,False,,blocked_by_model_b
patch_45023_no_ignition_nan_20200815.npz,/mnt/work/wildfire/test_sets/paired_negative_heavy_1km/patch_45023_no_ignition_nan_20200815.npz,,0.04623635,0,,,1,0,False,,blocked_by_model_b
patch_45024_no_ignition_nan_20200815.npz,/mnt/work/wildfire/test_sets/paired_negative_heavy_1km/patch_45024_no_ignition_nan_20200815.npz,,0.00011813,0,,,1,0,False,,blocked_by_model_b
patch_45025_no_ignition_nan_20200815.npz,/mnt/work/wildfire/test_sets/paired_negative_heavy_1km/patch_45025_no_ignition_nan_20200815.npz,,0.00006111,0,,,1,0,False,,blocked_by_model_b
patch_45026_no_ignition_nan_20200815.npz,/mnt/work/wildfire/test_sets/paired_negative_heavy_1km/patch_45026_no_ignition_nan_20200815.npz,,0.00000248,0,,,1,0,False,,blocked_by_model_b
patch_45027_no_ignition_nan_20200915.npz,/mnt/work/wildfire/test_sets/paired_negative_heavy_1km/patch_45027_no_ignition_nan_20200915.npz,,0.00000940,0,,,1,0,False,,blocked_by_model_b
patch_45028_no_ignition_nan_20200915.npz,/mnt/work/wildfire/test_sets/paired_negative_heavy_1km/patch_45028_no_ignition_nan_20200915.npz,,0.06639098,0,,,1,0,False,,blocked_by_model_b
patch_45029_no_ignition_nan_20200915.npz,/mnt/work/wildfire/test_sets/paired_negative_heavy_1km/patch_45029_no_ignition_nan_20200915.npz,,0.13628784,0,,,1,0,False,,blocked_by_model_b
patch_45030_no_ignition_nan_20200915.npz,/mnt/work/wildfire/test_sets/paired_negative_heavy_1km/patch_45030_no_ignition_nan_20200915.npz,,0.04739267,0,,,1,0,False,,blocked_by_model_b
patch_45031_no_ignition_nan_20200915.npz,/mnt/work/wildfire/test_sets/paired_negative_heavy_1km/patch_45031_no_ignition_nan_20200915.npz,,0.00010559,0,,,1,0,False,,blocked_by_model_b
patch_45032_no_ignition_nan_20200915.npz,/mnt/work/wildfire/test_sets/paired_negative_heavy_1km/patch_45032_no_ignition_nan_20200915.npz,,0.00000084,0,,,1,0,False,,blocked_by_model_b
patch_45033_no_ignition_nan_20200915.npz,/mnt/work/wildfire/test_sets/paired_negative_heavy_1km/patch_45033_no_ignition_nan_20200915.npz,,0.04271051,0,,,1,0,False,,blocked_by_model_b
patch_45034_no_ignition_nan_20200915.npz,/mnt/work/wildfire/test_sets/paired_negative_heavy_1km/patch_45034_no_ignition_nan_20200915.npz,,0.00006871,0,,,1,0,False,,blocked_by_model_b
patch_45035_no_ignition_nan_20200915.npz,/mnt/work/wildfire/test_sets/paired_negative_heavy_1km/patch_45035_no_ignition_nan_20200915.npz,,0.00000249,0,,,1,0,False,,blocked_by_model_b
patch_45036_no_ignition_nan_20200915.npz,/mnt/work/wildfire/test_sets/paired_negative_heavy_1km/patch_45036_no_ignition_nan_20200915.npz,,0.00024564,0,,,1,0,False,,blocked_by_model_b
patch_45037_no_ignition_nan_20200915.npz,/mnt/work/wildfire/test_sets/paired_negative_heavy_1km/patch_45037_no_ignition_nan_20200915.npz,,0.00000710,0,,,1,0,False,,blocked_by_model_b
patch_45038_no_ignition_nan_20200915.npz,/mnt/work/wildfire/test_sets/paired_negative_heavy_1km/patch_45038_no_ignition_nan_20200915.npz,,0.00009356,0,,,1,0,False,,blocked_by_model_b
patch_45039_no_ignition_nan_20200915.npz,/mnt/work/wildfire/test_sets/paired_negative_heavy_1km/patch_45039_no_ignition_nan_20200915.npz,,0.00022744,0,,,1,0,False,,blocked_by_model_b
patch_45040_no_ignition_nan_20200915.npz,/mnt/work/wildfire/test_sets/paired_negative_heavy_1km/patch_45040_no_ignition_nan_20200915.npz,,0.00005748,0,,,1,0,False,,blocked_by_model_b
patch_45041_no_ignition_nan_20200915.npz,/mnt/work/wildfire/test_sets/paired_negative_heavy_1km/patch_45041_no_ignition_nan_20200915.npz,,0.00002326,0,,,1,0,False,,blocked_by_model_b
patch_45042_no_ignition_nan_20200915.npz,/mnt/work/wildfire/test_sets/paired_negative_heavy_1km/patch_45042_no_ignition_nan_20200915.npz,,0.00098833,0,,,1,0,False,,blocked_by_model_b
patch_45043_no_ignition_nan_20200915.npz,/mnt/work/wildfire/test_sets/paired_negative_heavy_1km/patch_45043_no_ignition_nan_20200915.npz,,0.00324884,0,,,1,0,False,,blocked_by_model_b
patch_45044_no_ignition_nan_20200915.npz,/mnt/work/wildfire/test_sets/paired_negative_heavy_1km/patch_45044_no_ignition_nan_20200915.npz,,0.00000045,0,,,1,0,False,,blocked_by_model_b
patch_45045_no_ignition_nan_20200915.npz,/mnt/work/wildfire/test_sets/paired_negative_heavy_1km/patch_45045_no_ignition_nan_20200915.npz,,0.00000021,0,,,1,0,False,,blocked_by_model_b
patch_45046_no_ignition_nan_20200915.npz,/mnt/work/wildfire/test_sets/paired_negative_heavy_1km/patch_45046_no_ignition_nan_20200915.npz,,0.12257091,0,,,1,0,False,,blocked_by_model_b
patch_45047_no_ignition_nan_20200915.npz,/mnt/work/wildfire/test_sets/paired_negative_heavy_1km/patch_45047_no_ignition_nan_20200915.npz,,0.00000322,0,,,1,0,False,,blocked_by_model_b
patch_45048_no_ignition_nan_20200915.npz,/mnt/work/wildfire/test_sets/paired_negative_heavy_1km/patch_45048_no_ignition_nan_20200915.npz,,0.01595369,0,,,1,0,False,,blocked_by_model_b
patch_45049_no_ignition_nan_20200915.npz,/mnt/work/wildfire/test_sets/paired_negative_heavy_1km/patch_45049_no_ignition_nan_20200915.npz,,0.00005149,0,,,1,0,False,,blocked_by_model_b
patch_45050_no_ignition_nan_20200915.npz,/mnt/work/wildfire/test_sets/paired_negative_heavy_1km/patch_45050_no_ignition_nan_20200915.npz,,0.01612416,0,,,1,0,False,,blocked_by_model_b
patch_45051_no_ignition_nan_20200915.npz,/mnt/work/wildfire/test_sets/paired_negative_heavy_1km/patch_45051_no_ignition_nan_20200915.npz,,0.12929161,0,,,1,0,False,,blocked_by_model_b
patch_45052_no_ignition_nan_20200915.npz,/mnt/work/wildfire/test_sets/paired_negative_heavy_1km/patch_45052_no_ignition_nan_20200915.npz,,0.00000691,0,,,1,0,False,,blocked_by_model_b
patch_45053_no_ignition_nan_20200915.npz,/mnt/work/wildfire/test_sets/paired_negative_heavy_1km/patch_45053_no_ignition_nan_20200915.npz,,0.00584848,0,,,1,0,False,,blocked_by_model_b
patch_45054_no_ignition_nan_20200915.npz,/mnt/work/wildfire/test_sets/paired_negative_heavy_1km/patch_45054_no_ignition_nan_20200915.npz,,0.01289446,0,,,1,0,False,,blocked_by_model_b
patch_45055_no_ignition_nan_20200915.npz,/mnt/work/wildfire/test_sets/paired_negative_heavy_1km/patch_45055_no_ignition_nan_20200915.npz,,0.00000063,0,,,1,0,False,,blocked_by_model_b
patch_45056_no_ignition_nan_20200915.npz,/mnt/work/wildfire/test_sets/paired_negative_heavy_1km/patch_45056_no_ignition_nan_20200915.npz,,0.01691751,0,,,1,0,False,,blocked_by_model_b
patch_45057_no_ignition_nan_20200915.npz,/mnt/work/wildfire/test_sets/paired_negative_heavy_1km/patch_45057_no_ignition_nan_20200915.npz,,0.00000604,0,,,1,0,False,,blocked_by_model_b
patch_45058_no_ignition_nan_20200915.npz,/mnt/work/wildfire/test_sets/paired_negative_heavy_1km/patch_45058_no_ignition_nan_20200915.npz,,0.00001217,0,,,1,0,False,,blocked_by_model_b
patch_45059_no_ignition_nan_20200915.npz,/mnt/work/wildfire/test_sets/paired_negative_heavy_1km/patch_45059_no_ignition_nan_20200915.npz,,0.00001379,0,,,1,0,False,,blocked_by_model_b
patch_45060_no_ignition_nan_20200915.npz,/mnt/work/wildfire/test_sets/paired_negative_heavy_1km/patch_45060_no_ignition_nan_20200915.npz,,0.00411310,0,,,1,0,False,,blocked_by_model_b
patch_45061_no_ignition_nan_20200915.npz,/mnt/work/wildfire/test_sets/paired_negative_heavy_1km/patch_45061_no_ignition_nan_20200915.npz,,0.00019188,0,,,1,0,False,,blocked_by_model_b
patch_45062_no_ignition_nan_20200915.npz,/mnt/work/wildfire/test_sets/paired_negative_heavy_1km/patch_45062_no_ignition_nan_20200915.npz,,0.00477719,0,,,1,0,False,,blocked_by_model_b
patch_45063_no_ignition_nan_20200915.npz,/mnt/work/wildfire/test_sets/paired_negative_heavy_1km/patch_45063_no_ignition_nan_20200915.npz,,0.00031934,0,,,1,0,False,,blocked_by_model_b
patch_45064_no_ignition_nan_20200915.npz,/mnt/work/wildfire/test_sets/paired_negative_heavy_1km/patch_45064_no_ignition_nan_20200915.npz,/mnt/work/wildfire/test_sets/paired_negative_heavy_25m/patch_45064_no_ignition_nan_20200915.npz,0.32536110,1,0.58431113,1,1,1,False,False,completed
patch_45065_no_ignition_nan_20200915.npz,/mnt/work/wildfire/test_sets/paired_negative_heavy_1km/patch_45065_no_ignition_nan_20200915.npz,,0.00000137,0,,,1,0,False,,blocked_by_model_b
patch_45066_no_ignition_nan_20200915.npz,/mnt/work/wildfire/test_sets/paired_negative_heavy_1km/patch_45066_no_ignition_nan_20200915.npz,,0.00003282,0,,,1,0,False,,blocked_by_model_b
patch_45067_no_ignition_nan_20200915.npz,/mnt/work/wildfire/test_sets/paired_negative_heavy_1km/patch_45067_no_ignition_nan_20200915.npz,,0.00000821,0,,,1,0,False,,blocked_by_model_b
patch_45068_no_ignition_nan_20200915.npz,/mnt/work/wildfire/test_sets/paired_negative_heavy_1km/patch_45068_no_ignition_nan_20200915.npz,,0.00064274,0,,,1,0,False,,blocked_by_model_b
patch_45069_no_ignition_nan_20200915.npz,/mnt/work/wildfire/test_sets/paired_negative_heavy_1km/patch_45069_no_ignition_nan_20200915.npz,,0.00000678,0,,,1,0,False,,blocked_by_model_b
patch_45070_no_ignition_nan_20200915.npz,/mnt/work/wildfire/test_sets/paired_negative_heavy_1km/patch_45070_no_ignition_nan_20200915.npz,,0.05824361,0,,,1,0,False,,blocked_by_model_b
patch_45071_no_ignition_nan_20200915.npz,/mnt/work/wildfire/test_sets/paired_negative_heavy_1km/patch_45071_no_ignition_nan_20200915.npz,,0.00475445,0,,,1,0,False,,blocked_by_model_b
patch_45072_no_ignition_nan_20200915.npz,/mnt/work/wildfire/test_sets/paired_negative_heavy_1km/patch_45072_no_ignition_nan_20200915.npz,,0.00001210,0,,,1,0,False,,blocked_by_model_b
patch_45073_no_ignition_nan_20200915.npz,/mnt/work/wildfire/test_sets/paired_negative_heavy_1km/patch_45073_no_ignition_nan_20200915.npz,,0.00118108,0,,,1,0,False,,blocked_by_model_b
patch_45074_no_ignition_nan_20200915.npz,/mnt/work/wildfire/test_sets/paired_negative_heavy_1km/patch_45074_no_ignition_nan_20200915.npz,,0.00009552,0,,,1,0,False,,blocked_by_model_b
patch_45075_no_ignition_nan_20200915.npz,/mnt/work/wildfire/test_sets/paired_negative_heavy_1km/patch_45075_no_ignition_nan_20200915.npz,,0.00001033,0,,,1,0,False,,blocked_by_model_b
patch_45076_no_ignition_nan_20200915.npz,/mnt/work/wildfire/test_sets/paired_negative_heavy_1km/patch_45076_no_ignition_nan_20200915.npz,,0.01023304,0,,,1,0,False,,blocked_by_model_b
patch_45077_no_ignition_nan_20200915.npz,/mnt/work/wildfire/test_sets/paired_negative_heavy_1km/patch_45077_no_ignition_nan_20200915.npz,,0.00537352,0,,,1,0,False,,blocked_by_model_b
patch_45078_no_ignition_nan_20200915.npz,/mnt/work/wildfire/test_sets/paired_negative_heavy_1km/patch_45078_no_ignition_nan_20200915.npz,,0.00005497,0,,,1,0,False,,blocked_by_model_b
patch_45079_no_ignition_nan_20200915.npz,/mnt/work/wildfire/test_sets/paired_negative_heavy_1km/patch_45079_no_ignition_nan_20200915.npz,,0.00016296,0,,,1,0,False,,blocked_by_model_b
patch_45080_no_ignition_nan_20200915.npz,/mnt/work/wildfire/test_sets/paired_negative_heavy_1km/patch_45080_no_ignition_nan_20200915.npz,,0.00000741,0,,,1,0,False,,blocked_by_model_b
patch_45081_no_ignition_nan_20200915.npz,/mnt/work/wildfire/test_sets/paired_negative_heavy_1km/patch_45081_no_ignition_nan_20200915.npz,,0.00001158,0,,,1,0,False,,blocked_by_model_b
patch_45082_no_ignition_nan_20200915.npz,/mnt/work/wildfire/test_sets/paired_negative_heavy_1km/patch_45082_no_ignition_nan_20200915.npz,,0.00001815,0,,,1,0,False,,blocked_by_model_b
patch_45083_no_ignition_nan_20200915.npz,/mnt/work/wildfire/test_sets/paired_negative_heavy_1km/patch_45083_no_ignition_nan_20200915.npz,,0.01217618,0,,,1,0,False,,blocked_by_model_b
patch_45084_no_ignition_nan_20200915.npz,/mnt/work/wildfire/test_sets/paired_negative_heavy_1km/patch_45084_no_ignition_nan_20200915.npz,/mnt/work/wildfire/test_sets/paired_negative_heavy_25m/patch_45084_no_ignition_nan_20200915.npz,0.44438699,1,0.53930771,1,1,1,False,False,completed
patch_45085_no_ignition_nan_20200915.npz,/mnt/work/wildfire/test_sets/paired_negative_heavy_1km/patch_45085_no_ignition_nan_20200915.npz,,0.00045629,0,,,1,0,False,,blocked_by_model_b
patch_45086_no_ignition_nan_20200915.npz,/mnt/work/wildfire/test_sets/paired_negative_heavy_1km/patch_45086_no_ignition_nan_20200915.npz,,0.00110673,0,,,1,0,False,,blocked_by_model_b
patch_45087_no_ignition_nan_20200915.npz,/mnt/work/wildfire/test_sets/paired_negative_heavy_1km/patch_45087_no_ignition_nan_20200915.npz,,0.00015339,0,,,1,0,False,,blocked_by_model_b
patch_45088_no_ignition_nan_20200915.npz,/mnt/work/wildfire/test_sets/paired_negative_heavy_1km/patch_45088_no_ignition_nan_20200915.npz,,0.00376388,0,,,1,0,False,,blocked_by_model_b
patch_45089_no_ignition_nan_20200915.npz,/mnt/work/wildfire/test_sets/paired_negative_heavy_1km/patch_45089_no_ignition_nan_20200915.npz,,0.12511054,0,,,1,0,False,,blocked_by_model_b
patch_45090_no_ignition_nan_20200915.npz,/mnt/work/wildfire/test_sets/paired_negative_heavy_1km/patch_45090_no_ignition_nan_20200915.npz,,0.18155970,0,,,1,0,False,,blocked_by_model_b
patch_45091_no_ignition_nan_20200915.npz,/mnt/work/wildfire/test_sets/paired_negative_heavy_1km/patch_45091_no_ignition_nan_20200915.npz,,0.00006301,0,,,1,0,False,,blocked_by_model_b
patch_45092_no_ignition_nan_20200915.npz,/mnt/work/wildfire/test_sets/paired_negative_heavy_1km/patch_45092_no_ignition_nan_20200915.npz,,0.05202641,0,,,1,0,False,,blocked_by_model_b
patch_45093_no_ignition_nan_20200915.npz,/mnt/work/wildfire/test_sets/paired_negative_heavy_1km/patch_45093_no_ignition_nan_20200915.npz,,0.00044089,0,,,1,0,False,,blocked_by_model_b
patch_45094_no_ignition_nan_20200915.npz,/mnt/work/wildfire/test_sets/paired_negative_heavy_1km/patch_45094_no_ignition_nan_20200915.npz,,0.00000376,0,,,1,0,False,,blocked_by_model_b
patch_45095_no_ignition_nan_20200915.npz,/mnt/work/wildfire/test_sets/paired_negative_heavy_1km/patch_45095_no_ignition_nan_20200915.npz,,0.00000752,0,,,1,0,False,,blocked_by_model_b
patch_45096_no_ignition_nan_20200915.npz,/mnt/work/wildfire/test_sets/paired_negative_heavy_1km/patch_45096_no_ignition_nan_20200915.npz,,0.00007475,0,,,1,0,False,,blocked_by_model_b
patch_45097_no_ignition_nan_20200915.npz,/mnt/work/wildfire/test_sets/paired_negative_heavy_1km/patch_45097_no_ignition_nan_20200915.npz,,0.00117117,0,,,1,0,False,,blocked_by_model_b
patch_45098_no_ignition_nan_20200915.npz,/mnt/work/wildfire/test_sets/paired_negative_heavy_1km/patch_45098_no_ignition_nan_20200915.npz,,0.17241365,0,,,1,0,False,,blocked_by_model_b
patch_45099_no_ignition_nan_20200915.npz,/mnt/work/wildfire/test_sets/paired_negative_heavy_1km/patch_45099_no_ignition_nan_20200915.npz,,0.00158198,0,,,1,0,False,,blocked_by_model_b
patch_45100_no_ignition_nan_20200915.npz,/mnt/work/wildfire/test_sets/paired_negative_heavy_1km/patch_45100_no_ignition_nan_20200915.npz,,0.00076897,0,,,1,0,False,,blocked_by_model_b
patch_45101_no_ignition_nan_20200915.npz,/mnt/work/wildfire/test_sets/paired_negative_heavy_1km/patch_45101_no_ignition_nan_20200915.npz,,0.00005061,0,,,1,0,False,,blocked_by_model_b
patch_45102_no_ignition_nan_20201015.npz,/mnt/work/wildfire/test_sets/paired_negative_heavy_1km/patch_45102_no_ignition_nan_20201015.npz,,0.00554430,0,,,1,0,False,,blocked_by_model_b
patch_45103_no_ignition_nan_20201015.npz,/mnt/work/wildfire/test_sets/paired_negative_heavy_1km/patch_45103_no_ignition_nan_20201015.npz,,0.00000040,0,,,1,0,False,,blocked_by_model_b
patch_45104_no_ignition_nan_20201015.npz,/mnt/work/wildfire/test_sets/paired_negative_heavy_1km/patch_45104_no_ignition_nan_20201015.npz,,0.00251658,0,,,1,0,False,,blocked_by_model_b
patch_45105_no_ignition_nan_20201015.npz,/mnt/work/wildfire/test_sets/paired_negative_heavy_1km/patch_45105_no_ignition_nan_20201015.npz,,0.00008235,0,,,1,0,False,,blocked_by_model_b
patch_45106_no_ignition_nan_20201015.npz,/mnt/work/wildfire/test_sets/paired_negative_heavy_1km/patch_45106_no_ignition_nan_20201015.npz,,0.00005595,0,,,1,0,False,,blocked_by_model_b
patch_45107_no_ignition_nan_20201015.npz,/mnt/work/wildfire/test_sets/paired_negative_heavy_1km/patch_45107_no_ignition_nan_20201015.npz,,0.00000137,0,,,1,0,False,,blocked_by_model_b
patch_45108_no_ignition_nan_20201015.npz,/mnt/work/wildfire/test_sets/paired_negative_heavy_1km/patch_45108_no_ignition_nan_20201015.npz,,0.17857400,0,,,1,0,False,,blocked_by_model_b
patch_45109_no_ignition_nan_20201015.npz,/mnt/work/wildfire/test_sets/paired_negative_heavy_1km/patch_45109_no_ignition_nan_20201015.npz,,0.00013942,0,,,1,0,False,,blocked_by_model_b
patch_45110_no_ignition_nan_20201015.npz,/mnt/work/wildfire/test_sets/paired_negative_heavy_1km/patch_45110_no_ignition_nan_20201015.npz,,0.00002506,0,,,1,0,False,,blocked_by_model_b
patch_45111_no_ignition_nan_20201015.npz,/mnt/work/wildfire/test_sets/paired_negative_heavy_1km/patch_45111_no_ignition_nan_20201015.npz,,0.00016870,0,,,1,0,False,,blocked_by_model_b
patch_45112_no_ignition_nan_20201015.npz,/mnt/work/wildfire/test_sets/paired_negative_heavy_1km/patch_45112_no_ignition_nan_20201015.npz,,0.00002318,0,,,1,0,False,,blocked_by_model_b
patch_45113_no_ignition_nan_20201015.npz,/mnt/work/wildfire/test_sets/paired_negative_heavy_1km/patch_45113_no_ignition_nan_20201015.npz,,0.00000346,0,,,1,0,False,,blocked_by_model_b
patch_45114_no_ignition_nan_20201015.npz,/mnt/work/wildfire/test_sets/paired_negative_heavy_1km/patch_45114_no_ignition_nan_20201015.npz,,0.08490982,0,,,1,0,False,,blocked_by_model_b
patch_45115_no_ignition_nan_20201015.npz,/mnt/work/wildfire/test_sets/paired_negative_heavy_1km/patch_45115_no_ignition_nan_20201015.npz,,0.01083076,0,,,1,0,False,,blocked_by_model_b
patch_45116_no_ignition_nan_20201015.npz,/mnt/work/wildfire/test_sets/paired_negative_heavy_1km/patch_45116_no_ignition_nan_20201015.npz,,0.00006052,0,,,1,0,False,,blocked_by_model_b
patch_45117_no_ignition_nan_20201015.npz,/mnt/work/wildfire/test_sets/paired_negative_heavy_1km/patch_45117_no_ignition_nan_20201015.npz,,0.00554000,0,,,1,0,False,,blocked_by_model_b
patch_45118_no_ignition_nan_20201015.npz,/mnt/work/wildfire/test_sets/paired_negative_heavy_1km/patch_45118_no_ignition_nan_20201015.npz,,0.00002020,0,,,1,0,False,,blocked_by_model_b
patch_45119_no_ignition_nan_20201015.npz,/mnt/work/wildfire/test_sets/paired_negative_heavy_1km/patch_45119_no_ignition_nan_20201015.npz,,0.03483399,0,,,1,0,False,,blocked_by_model_b
patch_45120_no_ignition_nan_20201015.npz,/mnt/work/wildfire/test_sets/paired_negative_heavy_1km/patch_45120_no_ignition_nan_20201015.npz,,0.00006427,0,,,1,0,False,,blocked_by_model_b
patch_45121_no_ignition_nan_20201015.npz,/mnt/work/wildfire/test_sets/paired_negative_heavy_1km/patch_45121_no_ignition_nan_20201015.npz,,0.01411491,0,,,1,0,False,,blocked_by_model_b
patch_45122_no_ignition_nan_20201015.npz,/mnt/work/wildfire/test_sets/paired_negative_heavy_1km/patch_45122_no_ignition_nan_20201015.npz,,0.00000377,0,,,1,0,False,,blocked_by_model_b
patch_45123_no_ignition_nan_20201015.npz,/mnt/work/wildfire/test_sets/paired_negative_heavy_1km/patch_45123_no_ignition_nan_20201015.npz,,0.00000611,0,,,1,0,False,,blocked_by_model_b
patch_45124_no_ignition_nan_20201015.npz,/mnt/work/wildfire/test_sets/paired_negative_heavy_1km/patch_45124_no_ignition_nan_20201015.npz,,0.14594629,0,,,1,0,False,,blocked_by_model_b
patch_45125_no_ignition_nan_20201015.npz,/mnt/work/wildfire/test_sets/paired_negative_heavy_1km/patch_45125_no_ignition_nan_20201015.npz,,0.11991485,0,,,1,0,False,,blocked_by_model_b
patch_45126_no_ignition_nan_20201015.npz,/mnt/work/wildfire/test_sets/paired_negative_heavy_1km/patch_45126_no_ignition_nan_20201015.npz,,0.00197521,0,,,1,0,False,,blocked_by_model_b
patch_45127_no_ignition_nan_20201015.npz,/mnt/work/wildfire/test_sets/paired_negative_heavy_1km/patch_45127_no_ignition_nan_20201015.npz,,0.00000184,0,,,1,0,False,,blocked_by_model_b
patch_45128_no_ignition_nan_20201015.npz,/mnt/work/wildfire/test_sets/paired_negative_heavy_1km/patch_45128_no_ignition_nan_20201015.npz,,0.00004607,0,,,1,0,False,,blocked_by_model_b
patch_45129_no_ignition_nan_20201015.npz,/mnt/work/wildfire/test_sets/paired_negative_heavy_1km/patch_45129_no_ignition_nan_20201015.npz,,0.00000054,0,,,1,0,False,,blocked_by_model_b
patch_45130_no_ignition_nan_20201015.npz,/mnt/work/wildfire/test_sets/paired_negative_heavy_1km/patch_45130_no_ignition_nan_20201015.npz,,0.00000024,0,,,1,0,False,,blocked_by_model_b
patch_45131_no_ignition_nan_20201015.npz,/mnt/work/wildfire/test_sets/paired_negative_heavy_1km/patch_45131_no_ignition_nan_20201015.npz,,0.00002042,0,,,1,0,False,,blocked_by_model_b
patch_45132_no_ignition_nan_20201015.npz,/mnt/work/wildfire/test_sets/paired_negative_heavy_1km/patch_45132_no_ignition_nan_20201015.npz,,0.16328348,0,,,1,0,False,,blocked_by_model_b
patch_45133_no_ignition_nan_20201015.npz,/mnt/work/wildfire/test_sets/paired_negative_heavy_1km/patch_45133_no_ignition_nan_20201015.npz,,0.00116304,0,,,1,0,False,,blocked_by_model_b
patch_45134_no_ignition_nan_20201015.npz,/mnt/work/wildfire/test_sets/paired_negative_heavy_1km/patch_45134_no_ignition_nan_20201015.npz,,0.00003572,0,,,1,0,False,,blocked_by_model_b
patch_45135_no_ignition_nan_20201015.npz,/mnt/work/wildfire/test_sets/paired_negative_heavy_1km/patch_45135_no_ignition_nan_20201015.npz,,0.00036514,0,,,1,0,False,,blocked_by_model_b
patch_45136_no_ignition_nan_20201015.npz,/mnt/work/wildfire/test_sets/paired_negative_heavy_1km/patch_45136_no_ignition_nan_20201015.npz,,0.00106298,0,,,1,0,False,,blocked_by_model_b
patch_45137_no_ignition_nan_20201015.npz,/mnt/work/wildfire/test_sets/paired_negative_heavy_1km/patch_45137_no_ignition_nan_20201015.npz,,0.00000899,0,,,1,0,False,,blocked_by_model_b
patch_45138_no_ignition_nan_20201015.npz,/mnt/work/wildfire/test_sets/paired_negative_heavy_1km/patch_45138_no_ignition_nan_20201015.npz,,0.00000189,0,,,1,0,False,,blocked_by_model_b
patch_45139_no_ignition_nan_20201115.npz,/mnt/work/wildfire/test_sets/paired_negative_heavy_1km/patch_45139_no_ignition_nan_20201115.npz,/mnt/work/wildfire/test_sets/paired_negative_heavy_25m/patch_45139_no_ignition_nan_20201115.npz,0.53203106,1,0.58861792,1,1,1,False,False,completed
patch_45140_no_ignition_nan_20201115.npz,/mnt/work/wildfire/test_sets/paired_negative_heavy_1km/patch_45140_no_ignition_nan_20201115.npz,,0.00553638,0,,,1,0,False,,blocked_by_model_b
patch_45141_no_ignition_nan_20201115.npz,/mnt/work/wildfire/test_sets/paired_negative_heavy_1km/patch_45141_no_ignition_nan_20201115.npz,,0.00002154,0,,,1,0,False,,blocked_by_model_b
patch_45142_no_ignition_nan_20201115.npz,/mnt/work/wildfire/test_sets/paired_negative_heavy_1km/patch_45142_no_ignition_nan_20201115.npz,/mnt/work/wildfire/test_sets/paired_negative_heavy_25m/patch_45142_no_ignition_nan_20201115.npz,0.35231650,1,0.64452016,1,1,1,False,False,completed
patch_45143_no_ignition_nan_20201115.npz,/mnt/work/wildfire/test_sets/paired_negative_heavy_1km/patch_45143_no_ignition_nan_20201115.npz,,0.00001607,0,,,1,0,False,,blocked_by_model_b
patch_45144_no_ignition_nan_20201115.npz,/mnt/work/wildfire/test_sets/paired_negative_heavy_1km/patch_45144_no_ignition_nan_20201115.npz,/mnt/work/wildfire/test_sets/paired_negative_heavy_25m/patch_45144_no_ignition_nan_20201115.npz,0.34537214,1,0.61540222,1,1,1,False,False,completed
patch_45145_no_ignition_nan_20201115.npz,/mnt/work/wildfire/test_sets/paired_negative_heavy_1km/patch_45145_no_ignition_nan_20201115.npz,/mnt/work/wildfire/test_sets/paired_negative_heavy_25m/patch_45145_no_ignition_nan_20201115.npz,0.60314173,1,0.72106242,1,1,1,False,False,completed
patch_45146_no_ignition_nan_20201115.npz,/mnt/work/wildfire/test_sets/paired_negative_heavy_1km/patch_45146_no_ignition_nan_20201115.npz,,0.00000070,0,,,1,0,False,,blocked_by_model_b
patch_45147_no_ignition_nan_20201115.npz,/mnt/work/wildfire/test_sets/paired_negative_heavy_1km/patch_45147_no_ignition_nan_20201115.npz,,0.00000013,0,,,1,0,False,,blocked_by_model_b
patch_45148_no_ignition_nan_20201115.npz,/mnt/work/wildfire/test_sets/paired_negative_heavy_1km/patch_45148_no_ignition_nan_20201115.npz,,0.00000549,0,,,1,0,False,,blocked_by_model_b
patch_45149_no_ignition_nan_20201115.npz,/mnt/work/wildfire/test_sets/paired_negative_heavy_1km/patch_45149_no_ignition_nan_20201115.npz,,0.00002173,0,,,1,0,False,,blocked_by_model_b
patch_45150_no_ignition_nan_20201115.npz,/mnt/work/wildfire/test_sets/paired_negative_heavy_1km/patch_45150_no_ignition_nan_20201115.npz,,0.06572171,0,,,1,0,False,,blocked_by_model_b
patch_45151_no_ignition_nan_20201115.npz,/mnt/work/wildfire/test_sets/paired_negative_heavy_1km/patch_45151_no_ignition_nan_20201115.npz,,0.07586281,0,,,1,0,False,,blocked_by_model_b
patch_45152_no_ignition_nan_20201115.npz,/mnt/work/wildfire/test_sets/paired_negative_heavy_1km/patch_45152_no_ignition_nan_20201115.npz,,0.03190003,0,,,1,0,False,,blocked_by_model_b
patch_45153_no_ignition_nan_20201215.npz,/mnt/work/wildfire/test_sets/paired_negative_heavy_1km/patch_45153_no_ignition_nan_20201215.npz,,0.00002171,0,,,1,0,False,,blocked_by_model_b
patch_45154_no_ignition_nan_20201215.npz,/mnt/work/wildfire/test_sets/paired_negative_heavy_1km/patch_45154_no_ignition_nan_20201215.npz,/mnt/work/wildfire/test_sets/paired_negative_heavy_25m/patch_45154_no_ignition_nan_20201215.npz,0.49136037,1,0.59867525,1,1,1,False,False,completed
patch_45155_no_ignition_nan_20201215.npz,/mnt/work/wildfire/test_sets/paired_negative_heavy_1km/patch_45155_no_ignition_nan_20201215.npz,,0.21260290,0,,,1,0,False,,blocked_by_model_b
patch_45156_no_ignition_nan_20201215.npz,/mnt/work/wildfire/test_sets/paired_negative_heavy_1km/patch_45156_no_ignition_nan_20201215.npz,,0.00164080,0,,,1,0,False,,blocked_by_model_b
patch_45157_no_ignition_nan_20201215.npz,/mnt/work/wildfire/test_sets/paired_negative_heavy_1km/patch_45157_no_ignition_nan_20201215.npz,,0.06893887,0,,,1,0,False,,blocked_by_model_b
patch_45158_no_ignition_nan_20201215.npz,/mnt/work/wildfire/test_sets/paired_negative_heavy_1km/patch_45158_no_ignition_nan_20201215.npz,,0.00135307,0,,,1,0,False,,blocked_by_model_b
patch_45159_no_ignition_nan_20201215.npz,/mnt/work/wildfire/test_sets/paired_negative_heavy_1km/patch_45159_no_ignition_nan_20201215.npz,,0.00000739,0,,,1,0,False,,blocked_by_model_b
